user,vault,block,position,lpvalue,lpvalueusd
0x031c4F4E236B507354449bc4Ae242a0e27451782,0x9c96d0Cc5341654167ee35DB4F288ae523fe8779,6238806,16,0.3026,1115.849758751908
0x0955f836eC6FF90944348d875f2AaE03e1E965C3,0x497eB27Ca1ed7566653edf811b03d6418a03FC9d,6241366,40,0.3435,1266.6701656684747
0x0955f836eC6FF90944348d875f2AaE03e1E965C3,0x497eB27Ca1ed7566653edf811b03d6418a03FC9d,6241748,40,0.4122,1520.0041988021696
0x0BBc21C238b07F10c95f9F8c61f450A7754E0Fe3,0x497eB27Ca1ed7566653edf811b03d6418a03FC9d,6238039,40,0.2745,1012.2298703813575
0x182A7aA2a2db368474E64d690b4F8D91b6673F3c,0x497eB27Ca1ed7566653edf811b03d6418a03FC9d,6240773,40,0.6861,2530.0215448766826
0x27ca775C9E65C78d86D56D643193484A0C40E387,0x497eB27Ca1ed7566653edf811b03d6418a03FC9d,6241450,40,0.9617,3546.307709820588
0x3293451bEeA4440d8c3ddCb49EB478A7dc567f65,0x497eB27Ca1ed7566653edf811b03d6418a03FC9d,6238098,40,0.2352,867.3095282830428
0x3293451bEeA4440d8c3ddCb49EB478A7dc567f65,0x497eB27Ca1ed7566653edf811b03d6418a03FC9d,6238384,40,0.6855,2527.809020569838
0x3293451bEeA4440d8c3ddCb49EB478A7dc567f65,0x497eB27Ca1ed7566653edf811b03d6418a03FC9d,6241737,40,0.6872,2534.077839439231
0x4E675B95A69eA0d20cE7727ff10Fc0334CC45eBA,0x9c96d0Cc5341654167ee35DB4F288ae523fe8779,6236903,16,0.1797,662.6510298999269
0x4FD56DF90ABb5ECeF403D6B3e63B0f33Ed47E497,0x497eB27Ca1ed7566653edf811b03d6418a03FC9d,6241661,40,0.3928,1448.465912880864
0x5796Bf55Bf389Ce6886Ab606483613b3F4aEDD05,0x9c96d0Cc5341654167ee35DB4F288ae523fe8779,6241795,16,0.4921,1814.6386856636284
0x681EF7e7864c37f8882B0F1E73Cd42dAC3285305,0x497eB27Ca1ed7566653edf811b03d6418a03FC9d,6240735,40,0.4118,1518.5291825976065
0x681EF7e7864c37f8882B0F1E73Cd42dAC3285305,0x497eB27Ca1ed7566653edf811b03d6418a03FC9d,6240939,40,0.1543,568.9875009101764
0x681EF7e7864c37f8882B0F1E73Cd42dAC3285305,0x497eB27Ca1ed7566653edf811b03d6418a03FC9d,6241344,40,0.6183,2280.006298203254
0x6cC4eAD03B6FDa979fA33b40546BA5D09C35396A,0x497eB27Ca1ed7566653edf811b03d6418a03FC9d,6238048,40,0.6861,2530.0215448766826
0x72Ea4b9Baef81103c6Af2d3a34afA0cBDA6a1d02,0x9c96d0Cc5341654167ee35DB4F288ae523fe8779,6238833,16,0.3026,1115.849758751908
0x77863da34Ca9D4872b86Fb9a4973792ca6a11E16,0x9c96d0Cc5341654167ee35DB4F288ae523fe8779,6241687,16,0.1019,375.7603781124238
0x7A1d055CB90E227AF2c676F55dba7DEA8Cca9fBf,0x497eB27Ca1ed7566653edf811b03d6418a03FC9d,6240320,40,0.451,1663.0807706447804
0x81506CaA981F3F93Ab3e7f81A7260E74e87e7550,0x497eB27Ca1ed7566653edf811b03d6418a03FC9d,6236057,40,0.9806,3616.0022254861897
0x86AFE49F4f3F042E226d0a6FC1281CB7B967D167,0x9c96d0Cc5341654167ee35DB4F288ae523fe8779,6238778,16,0.1032,380.5541807772535
0x891a144965c72c50201BF06F851d3a25d1d07946,0x9c96d0Cc5341654167ee35DB4F288ae523fe8779,6240760,16,0.5,1843.7702557037476
0x891a144965c72c50201BF06F851d3a25d1d07946,0x497eB27Ca1ed7566653edf811b03d6418a03FC9d,6240883,40,0.7547,2782.9868239592365
0x891a144965c72c50201BF06F851d3a25d1d07946,0x9c96d0Cc5341654167ee35DB4F288ae523fe8779,6240976,16,0.13,479.3802664829744
0x8B5a03f17243844D531f87356066a3Ae05797B7f,0x9c96d0Cc5341654167ee35DB4F288ae523fe8779,6239165,16,0.4709,1736.4628268217893
0x8B5a03f17243844D531f87356066a3Ae05797B7f,0x9c96d0Cc5341654167ee35DB4F288ae523fe8779,6239500,16,0.1474,543.5434713814648
0x8d79E38d7e38Df0c27bB7cEc4B88317EdfA7f87c,0x497eB27Ca1ed7566653edf811b03d6418a03FC9d,6240899,40,0.809,2983.220273728664
0x947dB9D96AEa1650d4879ebA95E0D6aa0dD93E90,0x497eB27Ca1ed7566653edf811b03d6418a03FC9d,6237378,40,0.2355,868.415790436465
0x9bCa12D72928624DA36C01d27B55B98d4a65b5e9,0x497eB27Ca1ed7566653edf811b03d6418a03FC9d,6240714,40,0.1373,506.2993122162491
0xA47E21BeFA69F9f0D093749581872faD441984F3,0x497eB27Ca1ed7566653edf811b03d6418a03FC9d,6239557,40,0.2119,781.3898343672482
0xB012DBFD5988989F71a4455Ab478648eD8092159,0x497eB27Ca1ed7566653edf811b03d6418a03FC9d,6071075,40,0.295,1087.824450865211
0xB012DBFD5988989F71a4455Ab478648eD8092159,0x497eB27Ca1ed7566653edf811b03d6418a03FC9d,6073675,40,0.5901,2176.0176557815626
0xB012DBFD5988989F71a4455Ab478648eD8092159,0x497eB27Ca1ed7566653edf811b03d6418a03FC9d,6190631,40,0.2554,941.7978466134743
0xB012DBFD5988989F71a4455Ab478648eD8092159,0x9c96d0Cc5341654167ee35DB4F288ae523fe8779,6194534,16,0.1,368.75405114074954
0xB012DBFD5988989F71a4455Ab478648eD8092159,0x497eB27Ca1ed7566653edf811b03d6418a03FC9d,6232500,40,0.6879,2536.659117797216
0xB0586B2bFF6bA4b17FBb649CfFad506Abd797248,0x497eB27Ca1ed7566653edf811b03d6418a03FC9d,6237780,40,0.6867,2532.234069183527
0xB0586B2bFF6bA4b17FBb649CfFad506Abd797248,0x497eB27Ca1ed7566653edf811b03d6418a03FC9d,6237811,40,0.1716,632.7819517575261
0xB7b479180ca547A68440176c4420F1994328471B,0x497eB27Ca1ed7566653edf811b03d6418a03FC9d,6241254,40,0.1178,434.39227224380295
0xb8989cdCA809C201c6a15c400585Da728ed5364f,0x497eB27Ca1ed7566653edf811b03d6418a03FC9d,6237848,40,0.5981,2205.5179798728227
0xbC46383c6A7E0b8aDEAA128f0933F9E7479BCA34,0x497eB27Ca1ed7566653edf811b03d6418a03FC9d,6235579,40,0.1717,633.1507058086669
0xbd584812C7aAeb901E8424725065cb0716b9264f,0x497eB27Ca1ed7566653edf811b03d6418a03FC9d,6237244,40,0.1602,590.7439899274808
0xBFfea8BBd22f63D08d0bD88A6a582D240e871559,0x9c96d0Cc5341654167ee35DB4F288ae523fe8779,6238761,16,0.3056,1126.9123802861304
0xd189AC699F21Bc3783178648ac655519FA2A148e,0x497eB27Ca1ed7566653edf811b03d6418a03FC9d,6238116,40,0.24,885.0097227377988
0xD2c83998be2306E814F2A220Eb9740051DbD2104,0x497eB27Ca1ed7566653edf811b03d6418a03FC9d,6237510,40,0.4416,1628.4178898375499
0xd307041F08334f21C1Cf4Ca799A7e38986Bf947f,0x9c96d0Cc5341654167ee35DB4F288ae523fe8779,6235263,16,0.1019,375.7603781124238
0xd445f660be8f01E5a9dEc99CcE24F5cAAe3B7d90,0x9c96d0Cc5341654167ee35DB4F288ae523fe8779,6238870,16,0.3027,1116.218512803049
0xDe975401d53178cdF36E1301Da633A8f82C33ceF,0x497eB27Ca1ed7566653edf811b03d6418a03FC9d,6240846,40,0.1716,632.7819517575261
0xE11199046918C186BCC5D865Ae5B1D20530a174a,0x497eB27Ca1ed7566653edf811b03d6418a03FC9d,6236079,40,0.6864,2531.1278070301046
0xE11199046918C186BCC5D865Ae5B1D20530a174a,0x497eB27Ca1ed7566653edf811b03d6418a03FC9d,6237909,40,0.1373,506.2993122162491
0xE11199046918C186BCC5D865Ae5B1D20530a174a,0x497eB27Ca1ed7566653edf811b03d6418a03FC9d,6237921,40,0.1373,506.2993122162491
0xE11199046918C186BCC5D865Ae5B1D20530a174a,0x497eB27Ca1ed7566653edf811b03d6418a03FC9d,6238149,40,0.1371,505.5618041139676
0xE11199046918C186BCC5D865Ae5B1D20530a174a,0x497eB27Ca1ed7566653edf811b03d6418a03FC9d,6238170,40,0.5387,1986.4780734952176
0xE11199046918C186BCC5D865Ae5B1D20530a174a,0x497eB27Ca1ed7566653edf811b03d6418a03FC9d,6240051,40,0.1372,505.93055816510827
0xE11199046918C186BCC5D865Ae5B1D20530a174a,0x497eB27Ca1ed7566653edf811b03d6418a03FC9d,6240073,40,0.1372,505.93055816510827
0xEBB9f6da685d6810652B031fBC2a1591F1D29515,0x9c96d0Cc5341654167ee35DB4F288ae523fe8779,6236030,16,0.142,523.6307526198642
0xfD102a750C595d95ACE7bDBeD17E8b444891610d,0x9c96d0Cc5341654167ee35DB4F288ae523fe8779,6238500,16,0.8435,3110.4404213722223
0x031c4F4E236B507354449bc4Ae242a0e27451782,0x9c96d0Cc5341654167ee35DB4F288ae523fe8779,6238806,20,0.3026,1118.6459880115754
0x0955f836eC6FF90944348d875f2AaE03e1E965C3,0x497eB27Ca1ed7566653edf811b03d6418a03FC9d,6241366,51,0.3435,1269.8443386714348
0x0955f836eC6FF90944348d875f2AaE03e1E965C3,0x497eB27Ca1ed7566653edf811b03d6418a03FC9d,6241748,51,0.4122,1523.8132064057218
0x0BBc21C238b07F10c95f9F8c61f450A7754E0Fe3,0x497eB27Ca1ed7566653edf811b03d6418a03FC9d,6238039,51,0.2745,1014.7664365802295
0x182A7aA2a2db368474E64d690b4F8D91b6673F3c,0x497eB27Ca1ed7566653edf811b03d6418a03FC9d,6240773,51,0.6861,2536.361574272115
0x26E1561d44df953b132b942e3BfF4C9aFa3D5759,0x9c96d0Cc5341654167ee35DB4F288ae523fe8779,6242743,20,0.1039,384.0955656126989
0x27ca775C9E65C78d86D56D643193484A0C40E387,0x497eB27Ca1ed7566653edf811b03d6418a03FC9d,6241450,51,0.9617,3555.1944701610446
0x2b5233fa7753870A588DCCA95E876f4C29470889,0x497eB27Ca1ed7566653edf811b03d6418a03FC9d,6244230,51,0.4231,1564.1081213737525
0x31C798AC8159568D44c7F0C8678bF6FDC4cAF57C,0x9c96d0Cc5341654167ee35DB4F288ae523fe8779,6243258,20,0.1963,725.6781475435303
0x3293451bEeA4440d8c3ddCb49EB478A7dc567f65,0x497eB27Ca1ed7566653edf811b03d6418a03FC9d,6238098,51,0.2352,869.4829358239343
0x3293451bEeA4440d8c3ddCb49EB478A7dc567f65,0x497eB27Ca1ed7566653edf811b03d6418a03FC9d,6238384,51,0.6855,2534.143505558278
0x3293451bEeA4440d8c3ddCb49EB478A7dc567f65,0x497eB27Ca1ed7566653edf811b03d6418a03FC9d,6241737,51,0.6872,2540.428033580815
0x3860E143679156618E4cEA5F07872e04b6E7904e,0x497eB27Ca1ed7566653edf811b03d6418a03FC9d,6243243,51,0.6189,2287.9378783224192
0x4E675B95A69eA0d20cE7727ff10Fc0334CC45eBA,0x9c96d0Cc5341654167ee35DB4F288ae523fe8779,6236903,20,0.1797,664.3115797940519
0x4FD56DF90ABb5ECeF403D6B3e63B0f33Ed47E497,0x497eB27Ca1ed7566653edf811b03d6418a03FC9d,6241661,51,0.3928,1452.095651325006
0x5192309938Ef4A6804e89d20c839169F05d8a8Ac,0x497eB27Ca1ed7566653edf811b03d6418a03FC9d,6243028,51,0.8253,3050.953515882198
0x5796Bf55Bf389Ce6886Ab606483613b3F4aEDD05,0x9c96d0Cc5341654167ee35DB4F288ae523fe8779,6241795,20,0.4921,1819.1860234649578
0x681EF7e7864c37f8882B0F1E73Cd42dAC3285305,0x497eB27Ca1ed7566653edf811b03d6418a03FC9d,6240735,51,0.4118,1522.3344939298306
0x681EF7e7864c37f8882B0F1E73Cd42dAC3285305,0x497eB27Ca1ed7566653edf811b03d6418a03FC9d,6240939,51,0.1543,570.4133375749705
0x681EF7e7864c37f8882B0F1E73Cd42dAC3285305,0x497eB27Ca1ed7566653edf811b03d6418a03FC9d,6241344,51,0.6183,2285.719809608582
0x6cC4eAD03B6FDa979fA33b40546BA5D09C35396A,0x497eB27Ca1ed7566653edf811b03d6418a03FC9d,6238048,51,0.6861,2536.361574272115
0x72Ea4b9Baef81103c6Af2d3a34afA0cBDA6a1d02,0x9c96d0Cc5341654167ee35DB4F288ae523fe8779,6238833,20,0.3026,1118.6459880115754
0x73C96043e755c06F2610bDB15f9BA5Ed0114C100,0x9c96d0Cc5341654167ee35DB4F288ae523fe8779,6244062,20,0.1099,406.27625275106453
0x77863da34Ca9D4872b86Fb9a4973792ca6a11E16,0x9c96d0Cc5341654167ee35DB4F288ae523fe8779,6241687,20,0.1019,376.70200323324366
0x7A1d055CB90E227AF2c676F55dba7DEA8Cca9fBf,0x497eB27Ca1ed7566653edf811b03d6418a03FC9d,6240320,51,0.451,1667.248316567153
0x81506CaA981F3F93Ab3e7f81A7260E74e87e7550,0x497eB27Ca1ed7566653edf811b03d6418a03FC9d,6236057,51,0.9806,3625.0636346468964
0x84D1E52A5C2871d72eC2D190E14D19a065c98726,0x497eB27Ca1ed7566653edf811b03d6418a03FC9d,6242158,51,0.3708,1370.7664651509986
0x86AFE49F4f3F042E226d0a6FC1281CB7B967D167,0x9c96d0Cc5341654167ee35DB4F288ae523fe8779,6238778,20,0.1032,381.50781877988953
0x891a144965c72c50201BF06F851d3a25d1d07946,0x9c96d0Cc5341654167ee35DB4F288ae523fe8779,6240760,20,0.5,1848.390594863806
0x891a144965c72c50201BF06F851d3a25d1d07946,0x497eB27Ca1ed7566653edf811b03d6418a03FC9d,6240883,51,0.7547,2789.960763887429
0x891a144965c72c50201BF06F851d3a25d1d07946,0x9c96d0Cc5341654167ee35DB4F288ae523fe8779,6240976,20,0.13,480.5815546645896
0x891a144965c72c50201BF06F851d3a25d1d07946,0x9c96d0Cc5341654167ee35DB4F288ae523fe8779,6243772,20,0.1002,370.4174752107067
0x893882b77a7347F75a0C80Fae4ad08CddfCc8f9C,0x497eB27Ca1ed7566653edf811b03d6418a03FC9d,6244133,51,0.5938,2195.1486704602557
0x8B5a03f17243844D531f87356066a3Ae05797B7f,0x9c96d0Cc5341654167ee35DB4F288ae523fe8779,6239165,20,0.4709,1740.8142622427324
0x8B5a03f17243844D531f87356066a3Ae05797B7f,0x9c96d0Cc5341654167ee35DB4F288ae523fe8779,6239500,20,0.1474,544.90554736585
0x8d79E38d7e38Df0c27bB7cEc4B88317EdfA7f87c,0x497eB27Ca1ed7566653edf811b03d6418a03FC9d,6240899,51,0.809,2990.6959824896385
0x947dB9D96AEa1650d4879ebA95E0D6aa0dD93E90,0x497eB27Ca1ed7566653edf811b03d6418a03FC9d,6237378,51,0.2355,870.5919701808525
0x9bCa12D72928624DA36C01d27B55B98d4a65b5e9,0x497eB27Ca1ed7566653edf811b03d6418a03FC9d,6240714,51,0.1373,507.56805734960113
0xA3869484625e70dfAE2169747aA8511Ade2eeE15,0x497eB27Ca1ed7566653edf811b03d6418a03FC9d,6244252,51,0.2608,964.1205342809611
0xA47E21BeFA69F9f0D093749581872faD441984F3,0x497eB27Ca1ed7566653edf811b03d6418a03FC9d,6239557,51,0.2119,783.347934103281
0xa96e515Efda4E2e316F1F17B53397c91349a6D69,0x497eB27Ca1ed7566653edf811b03d6418a03FC9d,6244059,51,0.172,635.8463646331492
0xB012DBFD5988989F71a4455Ab478648eD8092159,0x497eB27Ca1ed7566653edf811b03d6418a03FC9d,6071075,51,0.295,1090.5504509696455
0xB012DBFD5988989F71a4455Ab478648eD8092159,0x497eB27Ca1ed7566653edf811b03d6418a03FC9d,6073675,51,0.5901,2181.4705800582637
0xB012DBFD5988989F71a4455Ab478648eD8092159,0x497eB27Ca1ed7566653edf811b03d6418a03FC9d,6190631,51,0.2554,944.1579158564322
0xB012DBFD5988989F71a4455Ab478648eD8092159,0x9c96d0Cc5341654167ee35DB4F288ae523fe8779,6194534,20,0.1,369.67811897276124
0xB012DBFD5988989F71a4455Ab478648eD8092159,0x497eB27Ca1ed7566653edf811b03d6418a03FC9d,6232500,51,0.6879,2543.0157804136243
0xB0586B2bFF6bA4b17FBb649CfFad506Abd797248,0x497eB27Ca1ed7566653edf811b03d6418a03FC9d,6237780,51,0.6867,2538.579642985951
0xB0586B2bFF6bA4b17FBb649CfFad506Abd797248,0x497eB27Ca1ed7566653edf811b03d6418a03FC9d,6237811,51,0.1716,634.3676521572582
0xB7b479180ca547A68440176c4420F1994328471B,0x497eB27Ca1ed7566653edf811b03d6418a03FC9d,6241254,51,0.1178,435.4808241499127
0xb8989cdCA809C201c6a15c400585Da728ed5364f,0x497eB27Ca1ed7566653edf811b03d6418a03FC9d,6237848,51,0.5981,2211.044829576085
0xbC46383c6A7E0b8aDEAA128f0933F9E7479BCA34,0x497eB27Ca1ed7566653edf811b03d6418a03FC9d,6235579,51,0.1717,634.737330276231
0xbd584812C7aAeb901E8424725065cb0716b9264f,0x497eB27Ca1ed7566653edf811b03d6418a03FC9d,6237244,51,0.1602,592.2243465943635
0xBFfea8BBd22f63D08d0bD88A6a582D240e871559,0x9c96d0Cc5341654167ee35DB4F288ae523fe8779,6238761,20,0.3056,1129.7363315807581
0xd189AC699F21Bc3783178648ac655519FA2A148e,0x497eB27Ca1ed7566653edf811b03d6418a03FC9d,6238116,51,0.24,887.2274855346268
0xD2c83998be2306E814F2A220Eb9740051DbD2104,0x497eB27Ca1ed7566653edf811b03d6418a03FC9d,6237510,51,0.4416,1632.4985733837134
0xd307041F08334f21C1Cf4Ca799A7e38986Bf947f,0x9c96d0Cc5341654167ee35DB4F288ae523fe8779,6235263,20,0.1019,376.70200323324366
0xd44038A0db9657035cc765d8D443c689016103e2,0x497eB27Ca1ed7566653edf811b03d6418a03FC9d,6244155,51,0.1861,687.9709794083085
0xd445f660be8f01E5a9dEc99CcE24F5cAAe3B7d90,0x9c96d0Cc5341654167ee35DB4F288ae523fe8779,6238870,20,0.3027,1119.0156661305482
0xDe975401d53178cdF36E1301Da633A8f82C33ceF,0x497eB27Ca1ed7566653edf811b03d6418a03FC9d,6240846,51,0.1716,634.3676521572582
0xE11199046918C186BCC5D865Ae5B1D20530a174a,0x497eB27Ca1ed7566653edf811b03d6418a03FC9d,6236079,51,0.6864,2537.470608629033
0xE11199046918C186BCC5D865Ae5B1D20530a174a,0x497eB27Ca1ed7566653edf811b03d6418a03FC9d,6237909,51,0.1373,507.56805734960113
0xE11199046918C186BCC5D865Ae5B1D20530a174a,0x497eB27Ca1ed7566653edf811b03d6418a03FC9d,6237921,51,0.1373,507.56805734960113
0xE11199046918C186BCC5D865Ae5B1D20530a174a,0x497eB27Ca1ed7566653edf811b03d6418a03FC9d,6238149,51,0.1371,506.8287011116556
0xE11199046918C186BCC5D865Ae5B1D20530a174a,0x497eB27Ca1ed7566653edf811b03d6418a03FC9d,6238170,51,0.5387,1991.4560269062645
0xE11199046918C186BCC5D865Ae5B1D20530a174a,0x497eB27Ca1ed7566653edf811b03d6418a03FC9d,6240051,51,0.1372,507.1983792306283
0xE11199046918C186BCC5D865Ae5B1D20530a174a,0x497eB27Ca1ed7566653edf811b03d6418a03FC9d,6240073,51,0.1372,507.1983792306283
0xE11199046918C186BCC5D865Ae5B1D20530a174a,0x497eB27Ca1ed7566653edf811b03d6418a03FC9d,6243297,51,0.1375,508.3074135875467
0xE11199046918C186BCC5D865Ae5B1D20530a174a,0x497eB27Ca1ed7566653edf811b03d6418a03FC9d,6243739,51,0.1374,507.93773546857386
0xE11199046918C186BCC5D865Ae5B1D20530a174a,0x497eB27Ca1ed7566653edf811b03d6418a03FC9d,6243955,51,0.3434,1269.474660552462
0xEBB9f6da685d6810652B031fBC2a1591F1D29515,0x9c96d0Cc5341654167ee35DB4F288ae523fe8779,6236030,20,0.142,524.9429289413208
0xfD102a750C595d95ACE7bDBeD17E8b444891610d,0x9c96d0Cc5341654167ee35DB4F288ae523fe8779,6238500,20,0.8435,3118.234933535241
0x000a97D591f1037C5002A1c7d52aFD227146E575,0x497eB27Ca1ed7566653edf811b03d6418a03FC9d,6245059,90,0.2065,750.4533727536676
0x031c4F4E236B507354449bc4Ae242a0e27451782,0x9c96d0Cc5341654167ee35DB4F288ae523fe8779,6238806,40,0.3026,1099.6958382337036
0x0955f836eC6FF90944348d875f2AaE03e1E965C3,0x497eB27Ca1ed7566653edf811b03d6418a03FC9d,6241366,90,0.3435,1248.3328500769242
0x0955f836eC6FF90944348d875f2AaE03e1E965C3,0x497eB27Ca1ed7566653edf811b03d6418a03FC9d,6241748,90,0.4122,1497.999420092309
0x0BBc21C238b07F10c95f9F8c61f450A7754E0Fe3,0x497eB27Ca1ed7566653edf811b03d6418a03FC9d,6238039,90,0.2745,997.5760330309046
0x0e4A0C920E8e125b4F04242E8Ca6c451e2FD1abF,0x497eB27Ca1ed7566653edf811b03d6418a03FC9d,6247748,90,0.8111,2947.664555159806
0x121734451418CD1C8beE90177C02722626CCBf17,0x497eB27Ca1ed7566653edf811b03d6418a03FC9d,6245274,90,0.4124,1498.7262514460656
0x122ef3453F663F929d1f1C887BEdF2d9930b171d,0x497eB27Ca1ed7566653edf811b03d6418a03FC9d,6245605,90,0.7552,2744.5151917848416
0x182A7aA2a2db368474E64d690b4F8D91b6673F3c,0x497eB27Ca1ed7566653edf811b03d6418a03FC9d,6240773,90,0.6861,2493.394959061944
0x19775E1817BC7a1e41060F80E0d00EabAE2959A7,0x497eB27Ca1ed7566653edf811b03d6418a03FC9d,6246593,90,0.2356,856.2073347252499
0x1e8A4ec0a8546c532a929C7D53fc3E8853b963f1,0x9c96d0Cc5341654167ee35DB4F288ae523fe8779,6246960,40,0.1348,489.8843324319341
0x23bc4Dc9172d15Bbe02E57C0269EcD46c007EB95,0x497eB27Ca1ed7566653edf811b03d6418a03FC9d,6245172,90,0.494,1795.2734437787497
0x26E1561d44df953b132b942e3BfF4C9aFa3D5759,0x9c96d0Cc5341654167ee35DB4F288ae523fe8779,6242743,40,0.1039,377.5888882765427
0x27ca775C9E65C78d86D56D643193484A0C40E387,0x497eB27Ca1ed7566653edf811b03d6418a03FC9d,6241450,90,0.9617,3494.9685645385093
0x2b5233fa7753870A588DCCA95E876f4C29470889,0x497eB27Ca1ed7566653edf811b03d6418a03FC9d,6244230,90,0.4231,1537.6117288720425
0x2CB549742F2e4Cc3715252D394510260b4dBF673,0x497eB27Ca1ed7566653edf811b03d6418a03FC9d,6245501,90,0.9614,3493.8783175078747
0x31C798AC8159568D44c7F0C8678bF6FDC4cAF57C,0x9c96d0Cc5341654167ee35DB4F288ae523fe8779,6243258,40,0.1963,713.3849737120821
0x3293451bEeA4440d8c3ddCb49EB478A7dc567f65,0x497eB27Ca1ed7566653edf811b03d6418a03FC9d,6238098,90,0.2352,854.7536720177367
0x3293451bEeA4440d8c3ddCb49EB478A7dc567f65,0x497eB27Ca1ed7566653edf811b03d6418a03FC9d,6238384,90,0.6855,2491.214465000674
0x3293451bEeA4440d8c3ddCb49EB478A7dc567f65,0x497eB27Ca1ed7566653edf811b03d6418a03FC9d,6241737,90,0.6872,2497.392531507605
0x3293451bEeA4440d8c3ddCb49EB478A7dc567f65,0x497eB27Ca1ed7566653edf811b03d6418a03FC9d,6245051,90,0.4131,1501.2701611842137
0x3293451bEeA4440d8c3ddCb49EB478A7dc567f65,0x497eB27Ca1ed7566653edf811b03d6418a03FC9d,6245126,90,0.1549,562.9308834844703
0x3293451bEeA4440d8c3ddCb49EB478A7dc567f65,0x497eB27Ca1ed7566653edf811b03d6418a03FC9d,6245175,90,0.1128,409.93288351871047
0x3860E143679156618E4cEA5F07872e04b6E7904e,0x497eB27Ca1ed7566653edf811b03d6418a03FC9d,6243243,90,0.6189,2249.179624199733
0x396a6D7a33655c45044143CB8A812227bf279578,0x497eB27Ca1ed7566653edf811b03d6418a03FC9d,6245790,90,0.6863,2494.1217904157006
0x398e950cA302B7368Ead8709973890BC4811aee7,0x9c96d0Cc5341654167ee35DB4F288ae523fe8779,6245058,40,0.9037,3284.187471949101
0x3F86a3993c330dae0193b6081D49B32Fb21090b8,0x9c96d0Cc5341654167ee35DB4F288ae523fe8779,6247099,40,0.2491,905.268451103819
0x3FeE3161fe9f738840322C87DAF8c8Ca716f892D,0x497eB27Ca1ed7566653edf811b03d6418a03FC9d,6246468,90,0.165,599.6358668491775
0x3FeE3161fe9f738840322C87DAF8c8Ca716f892D,0x9c96d0Cc5341654167ee35DB4F288ae523fe8779,6246532,40,0.4915,1786.1880518567925
0x403864AD362C0c39fE13Be720ed6Ea21107653A1,0x9c96d0Cc5341654167ee35DB4F288ae523fe8779,6250276,40,0.2063,749.7265413999111
0x468aa33C4e1a8A0c0e44F4C63749d6D7EdE7608E,0x497eB27Ca1ed7566653edf811b03d6418a03FC9d,6246018,90,0.4127,1499.8164984767004
0x4BaD4C67A9704f6df012ff750d80f9C3832102a3,0x497eB27Ca1ed7566653edf811b03d6418a03FC9d,6248566,90,0.737,2678.373538592993
0x4E675B95A69eA0d20cE7727ff10Fc0334CC45eBA,0x9c96d0Cc5341654167ee35DB4F288ae523fe8779,6236903,40,0.1797,653.057971350286
0x4FD56DF90ABb5ECeF403D6B3e63B0f33Ed47E497,0x497eB27Ca1ed7566653edf811b03d6418a03FC9d,6241661,90,0.3928,1427.4967787779208
0x5192309938Ef4A6804e89d20c839169F05d8a8Ac,0x497eB27Ca1ed7566653edf811b03d6418a03FC9d,6243028,90,0.8253,2999.269581276523
0x5796Bf55Bf389Ce6886Ab606483613b3F4aEDD05,0x9c96d0Cc5341654167ee35DB4F288ae523fe8779,6241795,40,0.4921,1788.3685459180622
0x5E88C5eE282e660Ce611740756A70760432DE32B,0x9c96d0Cc5341654167ee35DB4F288ae523fe8779,6248776,40,0.1,363.41567687828945
0x639e43F5b44B3c1e8C841cB28D942437337c5C89,0x9c96d0Cc5341654167ee35DB4F288ae523fe8779,6247354,40,0.1002,364.142508232046
0x681EF7e7864c37f8882B0F1E73Cd42dAC3285305,0x497eB27Ca1ed7566653edf811b03d6418a03FC9d,6240735,90,0.4118,1496.545757384796
0x681EF7e7864c37f8882B0F1E73Cd42dAC3285305,0x497eB27Ca1ed7566653edf811b03d6418a03FC9d,6240939,90,0.1543,560.7503894232005
0x681EF7e7864c37f8882B0F1E73Cd42dAC3285305,0x497eB27Ca1ed7566653edf811b03d6418a03FC9d,6241344,90,0.6183,2246.9991301384634
0x6cC4eAD03B6FDa979fA33b40546BA5D09C35396A,0x497eB27Ca1ed7566653edf811b03d6418a03FC9d,6238048,90,0.6861,2493.394959061944
0x72Ea4b9Baef81103c6Af2d3a34afA0cBDA6a1d02,0x9c96d0Cc5341654167ee35DB4F288ae523fe8779,6238833,40,0.3026,1099.6958382337036
0x73C96043e755c06F2610bDB15f9BA5Ed0114C100,0x9c96d0Cc5341654167ee35DB4F288ae523fe8779,6244062,40,0.1099,399.39382888924007
0x75ccf472C4119223381b3488465d9af0b0f9636e,0x9c96d0Cc5341654167ee35DB4F288ae523fe8779,6246323,40,0.4354,1582.3118571280722
0x77863da34Ca9D4872b86Fb9a4973792ca6a11E16,0x9c96d0Cc5341654167ee35DB4F288ae523fe8779,6241687,40,0.1019,370.3205747389769
0x78e90B46Ee542441e9FDcD1E072C3BC962fbd62d,0x497eB27Ca1ed7566653edf811b03d6418a03FC9d,6246151,90,0.5501,1999.1496385074702
0x7A1d055CB90E227AF2c676F55dba7DEA8Cca9fBf,0x497eB27Ca1ed7566653edf811b03d6418a03FC9d,6240320,90,0.451,1639.0047027210853
0x7A1d055CB90E227AF2c676F55dba7DEA8Cca9fBf,0x497eB27Ca1ed7566653edf811b03d6418a03FC9d,6245706,90,0.8239,2994.1817618002265
0x7a79c12ce187dd901565b758bE1616523910f365,0x9c96d0Cc5341654167ee35DB4F288ae523fe8779,6250532,40,0.51,1853.419952079276
0x7b901288D982C208F74D2d68345BEF338F23406F,0x9c96d0Cc5341654167ee35DB4F288ae523fe8779,6246807,40,0.27,981.2223275713815
0x7b901288D982C208F74D2d68345BEF338F23406F,0x497eB27Ca1ed7566653edf811b03d6418a03FC9d,6248474,90,0.1169,424.83292627072035
0x7b901288D982C208F74D2d68345BEF338F23406F,0x497eB27Ca1ed7566653edf811b03d6418a03FC9d,6248561,90,0.1136,412.8402089337368
0x7b901288D982C208F74D2d68345BEF338F23406F,0x497eB27Ca1ed7566653edf811b03d6418a03FC9d,6248678,90,0.5306,1928.2835815162036
0x7b901288D982C208F74D2d68345BEF338F23406F,0x497eB27Ca1ed7566653edf811b03d6418a03FC9d,6249677,90,0.6386,2320.772512544756
0x7b901288D982C208F74D2d68345BEF338F23406F,0x497eB27Ca1ed7566653edf811b03d6418a03FC9d,6250230,90,0.8258,3001.086659660914
0x81506CaA981F3F93Ab3e7f81A7260E74e87e7550,0x497eB27Ca1ed7566653edf811b03d6418a03FC9d,6236057,90,0.9806,3563.654127468506
0x84D1E52A5C2871d72eC2D190E14D19a065c98726,0x497eB27Ca1ed7566653edf811b03d6418a03FC9d,6242158,90,0.3708,1347.5453298646974
0x86AFE49F4f3F042E226d0a6FC1281CB7B967D167,0x9c96d0Cc5341654167ee35DB4F288ae523fe8779,6238778,40,0.1032,375.0449785383947
0x891a144965c72c50201BF06F851d3a25d1d07946,0x9c96d0Cc5341654167ee35DB4F288ae523fe8779,6240760,40,0.5,1817.0783843914471
0x891a144965c72c50201BF06F851d3a25d1d07946,0x497eB27Ca1ed7566653edf811b03d6418a03FC9d,6240883,90,0.7547,2742.6981134004504
0x891a144965c72c50201BF06F851d3a25d1d07946,0x9c96d0Cc5341654167ee35DB4F288ae523fe8779,6240976,40,0.13,472.44037994177626
0x891a144965c72c50201BF06F851d3a25d1d07946,0x9c96d0Cc5341654167ee35DB4F288ae523fe8779,6243772,40,0.1002,364.142508232046
0x893882b77a7347F75a0C80Fae4ad08CddfCc8f9C,0x497eB27Ca1ed7566653edf811b03d6418a03FC9d,6244133,90,0.5938,2157.9622893032824
0x8a209F0305c77C6cA2C5873646E1966E8FD53C9D,0x9c96d0Cc5341654167ee35DB4F288ae523fe8779,6250166,40,0.1493,542.5796055792861
0x8B5a03f17243844D531f87356066a3Ae05797B7f,0x9c96d0Cc5341654167ee35DB4F288ae523fe8779,6239165,40,0.4709,1711.3244224198647
0x8B5a03f17243844D531f87356066a3Ae05797B7f,0x9c96d0Cc5341654167ee35DB4F288ae523fe8779,6239500,40,0.1474,535.6747077185986
0x8d79E38d7e38Df0c27bB7cEc4B88317EdfA7f87c,0x497eB27Ca1ed7566653edf811b03d6418a03FC9d,6240899,90,0.809,2940.0328259453618
0x8f7479634E1eD22CEca59D759284f8bd89062E6f,0x497eB27Ca1ed7566653edf811b03d6418a03FC9d,6248497,90,0.3784,1375.1649213074472
0x92B886d05c30677F1F596F35e8099B79fdd670Db,0x497eB27Ca1ed7566653edf811b03d6418a03FC9d,6246440,90,0.3978,1445.6675626218353
0x947dB9D96AEa1650d4879ebA95E0D6aa0dD93E90,0x497eB27Ca1ed7566653edf811b03d6418a03FC9d,6237378,90,0.2355,855.8439190483715
0x947dB9D96AEa1650d4879ebA95E0D6aa0dD93E90,0x9c96d0Cc5341654167ee35DB4F288ae523fe8779,6249687,40,0.1,363.41567687828945
0x96d021550D6881b991d85C885a913CF318f1D392,0x9c96d0Cc5341654167ee35DB4F288ae523fe8779,6248761,40,0.1891,687.2190449768452
0x98098214AD5b1B08Cc9D94e32f056e9A0De18110,0x9c96d0Cc5341654167ee35DB4F288ae523fe8779,6245257,40,0.2454,891.8220710593223
0x9bCa12D72928624DA36C01d27B55B98d4a65b5e9,0x497eB27Ca1ed7566653edf811b03d6418a03FC9d,6240714,90,0.1373,498.9697243538914
0xa23712F42eE9ae1971Bc0b233887c1831A4C69CB,0x497eB27Ca1ed7566653edf811b03d6418a03FC9d,6245411,90,0.5007,1819.6222941295953
0xA3869484625e70dfAE2169747aA8511Ade2eeE15,0x497eB27Ca1ed7566653edf811b03d6418a03FC9d,6244252,90,0.2608,947.7880852985787
0xA47E21BeFA69F9f0D093749581872faD441984F3,0x497eB27Ca1ed7566653edf811b03d6418a03FC9d,6239557,90,0.2119,770.0778193050953
0xa95be2ebb635Fe1212baf0c7d30741D7a6Af8973,0x497eB27Ca1ed7566653edf811b03d6418a03FC9d,6246104,90,0.3645,1324.6501422213648
0xa96e515Efda4E2e316F1F17B53397c91349a6D69,0x497eB27Ca1ed7566653edf811b03d6418a03FC9d,6244059,90,0.172,625.0749642306578
0xB012DBFD5988989F71a4455Ab478648eD8092159,0x497eB27Ca1ed7566653edf811b03d6418a03FC9d,6071075,90,0.295,1072.0762467909537
0xB012DBFD5988989F71a4455Ab478648eD8092159,0x497eB27Ca1ed7566653edf811b03d6418a03FC9d,6073675,90,0.5901,2144.5159092587855
0xB012DBFD5988989F71a4455Ab478648eD8092159,0x497eB27Ca1ed7566653edf811b03d6418a03FC9d,6190631,90,0.2554,928.1636387471513
0xB012DBFD5988989F71a4455Ab478648eD8092159,0x9c96d0Cc5341654167ee35DB4F288ae523fe8779,6194534,40,0.1,363.41567687828945
0xB012DBFD5988989F71a4455Ab478648eD8092159,0x497eB27Ca1ed7566653edf811b03d6418a03FC9d,6232500,90,0.6879,2499.9364412457526
0xB0586B2bFF6bA4b17FBb649CfFad506Abd797248,0x497eB27Ca1ed7566653edf811b03d6418a03FC9d,6237780,90,0.6867,2495.5754531232133
0xB0586B2bFF6bA4b17FBb649CfFad506Abd797248,0x497eB27Ca1ed7566653edf811b03d6418a03FC9d,6237811,90,0.1716,623.6213015231447
0xB7b479180ca547A68440176c4420F1994328471B,0x497eB27Ca1ed7566653edf811b03d6418a03FC9d,6241254,90,0.1178,428.10366736262495
0xb8989cdCA809C201c6a15c400585Da728ed5364f,0x497eB27Ca1ed7566653edf811b03d6418a03FC9d,6237848,90,0.5981,2173.589163409049
0xbC46383c6A7E0b8aDEAA128f0933F9E7479BCA34,0x497eB27Ca1ed7566653edf811b03d6418a03FC9d,6235579,90,0.1717,623.9847172000229
0xbd584812C7aAeb901E8424725065cb0716b9264f,0x497eB27Ca1ed7566653edf811b03d6418a03FC9d,6237244,90,0.1602,582.1919143590197
0xBFfea8BBd22f63D08d0bD88A6a582D240e871559,0x9c96d0Cc5341654167ee35DB4F288ae523fe8779,6238761,40,0.3056,1110.5983085400524
0xC03d8DB64dfe98ebFD94a84bc1f825CAB90EE15B,0x497eB27Ca1ed7566653edf811b03d6418a03FC9d,6245116,90,0.2065,750.4533727536676
0xC03d8DB64dfe98ebFD94a84bc1f825CAB90EE15B,0x497eB27Ca1ed7566653edf811b03d6418a03FC9d,6245138,90,0.1622,589.4602278965855
0xc09390818dD9892AD89967D3E9D0a0E8F9b0b477,0x497eB27Ca1ed7566653edf811b03d6418a03FC9d,6245198,90,0.6188,2248.816208522855
0xcb70F6A5E95c2803e1f8D20e9B2C05BBd1d20dEF,0x497eB27Ca1ed7566653edf811b03d6418a03FC9d,6249757,90,0.344,1250.1499284613155
0xcb70F6A5E95c2803e1f8D20e9B2C05BBd1d20dEF,0x497eB27Ca1ed7566653edf811b03d6418a03FC9d,6249992,90,0.344,1250.1499284613155
0xcb70F6A5E95c2803e1f8D20e9B2C05BBd1d20dEF,0x497eB27Ca1ed7566653edf811b03d6418a03FC9d,6250100,90,0.6879,2499.9364412457526
0xcb70F6A5E95c2803e1f8D20e9B2C05BBd1d20dEF,0x497eB27Ca1ed7566653edf811b03d6418a03FC9d,6250358,90,0.1376,500.05997138452625
0xd189AC699F21Bc3783178648ac655519FA2A148e,0x497eB27Ca1ed7566653edf811b03d6418a03FC9d,6238116,90,0.24,872.1976245078946
0xD2c83998be2306E814F2A220Eb9740051DbD2104,0x497eB27Ca1ed7566653edf811b03d6418a03FC9d,6237510,90,0.4416,1604.843629094526
0xd307041F08334f21C1Cf4Ca799A7e38986Bf947f,0x9c96d0Cc5341654167ee35DB4F288ae523fe8779,6235263,40,0.1019,370.3205747389769
0xd44038A0db9657035cc765d8D443c689016103e2,0x497eB27Ca1ed7566653edf811b03d6418a03FC9d,6244155,90,0.1861,676.3165746704966
0xd445f660be8f01E5a9dEc99CcE24F5cAAe3B7d90,0x9c96d0Cc5341654167ee35DB4F288ae523fe8779,6238870,40,0.3027,1100.0592539105821
0xd445f660be8f01E5a9dEc99CcE24F5cAAe3B7d90,0x9c96d0Cc5341654167ee35DB4F288ae523fe8779,6245093,40,0.132,479.70869347934206
0xD81de65b0a809BBD0Cf1100f5C75A0F06D0c1d6E,0x497eB27Ca1ed7566653edf811b03d6418a03FC9d,6245735,90,0.6179,2245.5454674309503
0xD9481b75Ea930A8F42380D552b5E1cb0ca119E5d,0x497eB27Ca1ed7566653edf811b03d6418a03FC9d,6245088,90,0.6195,2251.360118261003
0xDe975401d53178cdF36E1301Da633A8f82C33ceF,0x497eB27Ca1ed7566653edf811b03d6418a03FC9d,6240846,90,0.1716,623.6213015231447
0xE0e7a29f3E27Dab5F3a6C360a14b2C341dA561d4,0x497eB27Ca1ed7566653edf811b03d6418a03FC9d,6246437,90,0.3644,1324.2867265444866
0xE11199046918C186BCC5D865Ae5B1D20530a174a,0x497eB27Ca1ed7566653edf811b03d6418a03FC9d,6236079,90,0.6864,2494.4852060925787
0xE11199046918C186BCC5D865Ae5B1D20530a174a,0x497eB27Ca1ed7566653edf811b03d6418a03FC9d,6237909,90,0.1373,498.9697243538914
0xE11199046918C186BCC5D865Ae5B1D20530a174a,0x497eB27Ca1ed7566653edf811b03d6418a03FC9d,6237921,90,0.1373,498.9697243538914
0xE11199046918C186BCC5D865Ae5B1D20530a174a,0x497eB27Ca1ed7566653edf811b03d6418a03FC9d,6238149,90,0.1371,498.2428930001348
0xE11199046918C186BCC5D865Ae5B1D20530a174a,0x497eB27Ca1ed7566653edf811b03d6418a03FC9d,6238170,90,0.5387,1957.720251343345
0xE11199046918C186BCC5D865Ae5B1D20530a174a,0x497eB27Ca1ed7566653edf811b03d6418a03FC9d,6240051,90,0.1372,498.60630867701303
0xE11199046918C186BCC5D865Ae5B1D20530a174a,0x497eB27Ca1ed7566653edf811b03d6418a03FC9d,6240073,90,0.1372,498.60630867701303
0xE11199046918C186BCC5D865Ae5B1D20530a174a,0x497eB27Ca1ed7566653edf811b03d6418a03FC9d,6243297,90,0.1375,499.696555707648
0xE11199046918C186BCC5D865Ae5B1D20530a174a,0x497eB27Ca1ed7566653edf811b03d6418a03FC9d,6243739,90,0.1374,499.33314003076964
0xE11199046918C186BCC5D865Ae5B1D20530a174a,0x497eB27Ca1ed7566653edf811b03d6418a03FC9d,6243955,90,0.3434,1247.9694344000459
0xE11199046918C186BCC5D865Ae5B1D20530a174a,0x497eB27Ca1ed7566653edf811b03d6418a03FC9d,6245268,90,0.3437,1249.0596814306807
0xE11199046918C186BCC5D865Ae5B1D20530a174a,0x497eB27Ca1ed7566653edf811b03d6418a03FC9d,6245479,90,0.687,2496.6657001538483
0xe169546b796C050E75dbfBFf6596Fc50958E1FA6,0x9c96d0Cc5341654167ee35DB4F288ae523fe8779,6248895,40,0.5116,1859.234602909329
0xe554962EB643b701cB087A67bad2cBdb8105A98c,0x497eB27Ca1ed7566653edf811b03d6418a03FC9d,6248503,90,0.3783,1374.801505630569
0xEBB9f6da685d6810652B031fBC2a1591F1D29515,0x9c96d0Cc5341654167ee35DB4F288ae523fe8779,6236030,40,0.142,516.0502611671709
0xf21d2e3c0AAb407E60088983Beca0570345563D4,0x9c96d0Cc5341654167ee35DB4F288ae523fe8779,6248922,40,0.323,1173.8326363168749
0xF37e6F1e4D5dd99dEb4CE871f3C274d38bd64b08,0x497eB27Ca1ed7566653edf811b03d6418a03FC9d,6245866,90,0.7545,2741.9712820466934
0xf5d1F6aAB275FaD8856b06ad836633AE25537d6e,0x9c96d0Cc5341654167ee35DB4F288ae523fe8779,6248215,40,0.1,363.41567687828945
0xf5d1F6aAB275FaD8856b06ad836633AE25537d6e,0x9c96d0Cc5341654167ee35DB4F288ae523fe8779,6248344,40,0.5,1817.0783843914471
0xfD102a750C595d95ACE7bDBeD17E8b444891610d,0x9c96d0Cc5341654167ee35DB4F288ae523fe8779,6238500,40,0.8435,3065.4112344683713
0xFDA5A361f3C67EbfED328F3A9E95BD275734E675,0x9c96d0Cc5341654167ee35DB4F288ae523fe8779,6246293,40,0.4895,1778.9197383192268
0x000a97D591f1037C5002A1c7d52aFD227146E575,0x497eB27Ca1ed7566653edf811b03d6418a03FC9d,6245059,95,0.2065,742.7548813782385
0x031c4F4E236B507354449bc4Ae242a0e27451782,0x9c96d0Cc5341654167ee35DB4F288ae523fe8779,6238806,52,0.3026,1088.4146591043825
0x0955f836eC6FF90944348d875f2AaE03e1E965C3,0x497eB27Ca1ed7566653edf811b03d6418a03FC9d,6241366,95,0.3435,1235.5268850044793
0x0955f836eC6FF90944348d875f2AaE03e1E965C3,0x497eB27Ca1ed7566653edf811b03d6418a03FC9d,6241748,95,0.4122,1482.632262005375
0x0BBc21C238b07F10c95f9F8c61f450A7754E0Fe3,0x497eB27Ca1ed7566653edf811b03d6418a03FC9d,6238039,95,0.2745,987.3424452219201
0x0e4A0C920E8e125b4F04242E8Ca6c451e2FD1abF,0x497eB27Ca1ed7566653edf811b03d6418a03FC9d,6247748,95,0.8111,2917.426074023677
0x1108D0D1eB4b6822c980455E518c297CBb5e5EDA,0x497eB27Ca1ed7566653edf811b03d6418a03FC9d,6255208,95,0.4518,1625.0685491849306
0x121734451418CD1C8beE90177C02722626CCBf17,0x497eB27Ca1ed7566653edf811b03d6418a03FC9d,6245274,95,0.4124,1483.3516371931505
0x122ef3453F663F929d1f1C887BEdF2d9930b171d,0x497eB27Ca1ed7566653edf811b03d6418a03FC9d,6245605,95,0.7552,2716.3607090404153
0x182A7aA2a2db368474E64d690b4F8D91b6673F3c,0x497eB27Ca1ed7566653edf811b03d6418a03FC9d,6240773,95,0.6861,2467.8165816639685
0x19775E1817BC7a1e41060F80E0d00EabAE2959A7,0x497eB27Ca1ed7566653edf811b03d6418a03FC9d,6246593,95,0.2356,847.4239711995787
0x1e8A4ec0a8546c532a929C7D53fc3E8853b963f1,0x9c96d0Cc5341654167ee35DB4F288ae523fe8779,6246960,52,0.1348,484.8588765607097
0x2300FC9125068FcB4a9454cA44Df7384c3EDB0e3,0x9c96d0Cc5341654167ee35DB4F288ae523fe8779,6254678,52,0.9919,3567.7412437727594
0x23bc4Dc9172d15Bbe02E57C0269EcD46c007EB95,0x497eB27Ca1ed7566653edf811b03d6418a03FC9d,6245172,95,0.494,1776.8567138055682
0x26E1561d44df953b132b942e3BfF4C9aFa3D5759,0x9c96d0Cc5341654167ee35DB4F288ae523fe8779,6242743,52,0.1039,373.7154100493898
0x27ca775C9E65C78d86D56D643193484A0C40E387,0x497eB27Ca1ed7566653edf811b03d6418a03FC9d,6241450,95,0.9617,3459.115590418654
0x2b5233fa7753870A588DCCA95E876f4C29470889,0x497eB27Ca1ed7566653edf811b03d6418a03FC9d,6244230,95,0.4231,1521.8382097391413
0x2CB549742F2e4Cc3715252D394510260b4dBF673,0x497eB27Ca1ed7566653edf811b03d6418a03FC9d,6245501,95,0.9614,3458.0365276369907
0x2f573144967A40e654EFb65C104aE01D94367C79,0x9c96d0Cc5341654167ee35DB4F288ae523fe8779,6251682,52,0.4798,1725.7810754735053
0x31C798AC8159568D44c7F0C8678bF6FDC4cAF57C,0x9c96d0Cc5341654167ee35DB4F288ae523fe8779,6243258,52,0.1963,706.0667468016863
0x3293451bEeA4440d8c3ddCb49EB478A7dc567f65,0x497eB27Ca1ed7566653edf811b03d6418a03FC9d,6238098,95,0.2352,845.9852208240276
0x3293451bEeA4440d8c3ddCb49EB478A7dc567f65,0x497eB27Ca1ed7566653edf811b03d6418a03FC9d,6238384,95,0.6855,2465.6584561006416
0x3293451bEeA4440d8c3ddCb49EB478A7dc567f65,0x497eB27Ca1ed7566653edf811b03d6418a03FC9d,6241737,95,0.6872,2471.773145196734
0x3293451bEeA4440d8c3ddCb49EB478A7dc567f65,0x497eB27Ca1ed7566653edf811b03d6418a03FC9d,6245051,95,0.4131,1485.869450350365
0x3293451bEeA4440d8c3ddCb49EB478A7dc567f65,0x497eB27Ca1ed7566653edf811b03d6418a03FC9d,6245126,95,0.1549,557.1560829321509
0x3293451bEeA4440d8c3ddCb49EB478A7dc567f65,0x497eB27Ca1ed7566653edf811b03d6418a03FC9d,6245175,95,0.1128,405.727605905401
0x3860E143679156618E4cEA5F07872e04b6E7904e,0x497eB27Ca1ed7566653edf811b03d6418a03FC9d,6243243,95,0.6189,2226.106518571389
0x396a6D7a33655c45044143CB8A812227bf279578,0x497eB27Ca1ed7566653edf811b03d6418a03FC9d,6245790,95,0.6863,2468.535956851744
0x398e950cA302B7368Ead8709973890BC4811aee7,0x9c96d0Cc5341654167ee35DB4F288ae523fe8779,6245058,52,0.9037,3250.4967859637486
0x3F86a3993c330dae0193b6081D49B32Fb21090b8,0x9c96d0Cc5341654167ee35DB4F288ae523fe8779,6247099,52,0.2491,895.9817963744272
0x3FeE3161fe9f738840322C87DAF8c8Ca716f892D,0x497eB27Ca1ed7566653edf811b03d6418a03FC9d,6246468,95,0.165,593.4845299148153
0x3FeE3161fe9f738840322C87DAF8c8Ca716f892D,0x9c96d0Cc5341654167ee35DB4F288ae523fe8779,6246532,52,0.4915,1767.864523958374
0x403864AD362C0c39fE13Be720ed6Ea21107653A1,0x9c96d0Cc5341654167ee35DB4F288ae523fe8779,6250276,52,0.2063,742.035506190463
0x424536eBcE818655A4C436b93cFFb1c6D88c5B13,0x9c96d0Cc5341654167ee35DB4F288ae523fe8779,6252082,52,0.1001,360.0472814816546
0x468aa33C4e1a8A0c0e44F4C63749d6D7EdE7608E,0x497eB27Ca1ed7566653edf811b03d6418a03FC9d,6246018,95,0.4127,1484.4306999748137
0x4BaD4C67A9704f6df012ff750d80f9C3832102a3,0x497eB27Ca1ed7566653edf811b03d6418a03FC9d,6248566,95,0.737,2650.8975669528418
0x4E675B95A69eA0d20cE7727ff10Fc0334CC45eBA,0x9c96d0Cc5341654167ee35DB4F288ae523fe8779,6236903,52,0.1797,646.358606216317
0x4FD56DF90ABb5ECeF403D6B3e63B0f33Ed47E497,0x497eB27Ca1ed7566653edf811b03d6418a03FC9d,6241661,95,0.3928,1412.852868791148
0x5192309938Ef4A6804e89d20c839169F05d8a8Ac,0x497eB27Ca1ed7566653edf811b03d6418a03FC9d,6243028,95,0.8253,2968.50171235574
0x571BD3b8aD6c70Aa28013bEbCA6d89e8e0273040,0x9c96d0Cc5341654167ee35DB4F288ae523fe8779,6255264,52,0.1277,459.3210573946783
0x5796Bf55Bf389Ce6886Ab606483613b3F4aEDD05,0x9c96d0Cc5341654167ee35DB4F288ae523fe8779,6241795,52,0.4921,1770.0226495217005
0x5Cd316300E4B01048af69E403668bE9D7f07851d,0x497eB27Ca1ed7566653edf811b03d6418a03FC9d,6253629,95,0.3243,1166.4668669780278
0x5E88C5eE282e660Ce611740756A70760432DE32B,0x9c96d0Cc5341654167ee35DB4F288ae523fe8779,6248776,52,0.1,359.68759388776687
0x639e43F5b44B3c1e8C841cB28D942437337c5C89,0x9c96d0Cc5341654167ee35DB4F288ae523fe8779,6247354,52,0.1002,360.40696907554235
0x67058979A42291BFdA488d9b5bA7946c67ea40Fe,0x497eB27Ca1ed7566653edf811b03d6418a03FC9d,6252514,95,0.1632,587.0101532248356
0x67058979A42291BFdA488d9b5bA7946c67ea40Fe,0x497eB27Ca1ed7566653edf811b03d6418a03FC9d,6255127,95,0.8114,2918.50513680534
0x681EF7e7864c37f8882B0F1E73Cd42dAC3285305,0x497eB27Ca1ed7566653edf811b03d6418a03FC9d,6240735,95,0.4118,1481.193511629824
0x681EF7e7864c37f8882B0F1E73Cd42dAC3285305,0x497eB27Ca1ed7566653edf811b03d6418a03FC9d,6240939,95,0.1543,554.9979573688242
0x681EF7e7864c37f8882B0F1E73Cd42dAC3285305,0x497eB27Ca1ed7566653edf811b03d6418a03FC9d,6241344,95,0.6183,2223.9483930080623
0x6cC4eAD03B6FDa979fA33b40546BA5D09C35396A,0x497eB27Ca1ed7566653edf811b03d6418a03FC9d,6238048,95,0.6861,2467.8165816639685
0x72Ea4b9Baef81103c6Af2d3a34afA0cBDA6a1d02,0x9c96d0Cc5341654167ee35DB4F288ae523fe8779,6238833,52,0.3026,1088.4146591043825
0x73C96043e755c06F2610bDB15f9BA5Ed0114C100,0x9c96d0Cc5341654167ee35DB4F288ae523fe8779,6244062,52,0.1099,395.29666568265577
0x75ccf472C4119223381b3488465d9af0b0f9636e,0x9c96d0Cc5341654167ee35DB4F288ae523fe8779,6246323,52,0.4354,1566.079783787337
0x77863da34Ca9D4872b86Fb9a4973792ca6a11E16,0x9c96d0Cc5341654167ee35DB4F288ae523fe8779,6241687,52,0.1019,366.52165817163444
0x78e90B46Ee542441e9FDcD1E072C3BC962fbd62d,0x497eB27Ca1ed7566653edf811b03d6418a03FC9d,6246151,95,0.5501,1978.6414539766056
0x7A1d055CB90E227AF2c676F55dba7DEA8Cca9fBf,0x497eB27Ca1ed7566653edf811b03d6418a03FC9d,6240320,95,0.451,1622.1910484338284
0x7A1d055CB90E227AF2c676F55dba7DEA8Cca9fBf,0x497eB27Ca1ed7566653edf811b03d6418a03FC9d,6245706,95,0.8239,2963.466086041311
0x7a43dc785CeD8554478b2bA2E491347C0826AdDE,0x9c96d0Cc5341654167ee35DB4F288ae523fe8779,6258094,52,0.8556,3077.4870533037333
0x7a79c12ce187dd901565b758bE1616523910f365,0x9c96d0Cc5341654167ee35DB4F288ae523fe8779,6250532,52,0.51,1834.406728827611
0x7b901288D982C208F74D2d68345BEF338F23406F,0x9c96d0Cc5341654167ee35DB4F288ae523fe8779,6246807,52,0.27,971.1565034969706
0x7b901288D982C208F74D2d68345BEF338F23406F,0x497eB27Ca1ed7566653edf811b03d6418a03FC9d,6248474,95,0.1169,420.47479725479946
0x7b901288D982C208F74D2d68345BEF338F23406F,0x497eB27Ca1ed7566653edf811b03d6418a03FC9d,6248561,95,0.1136,408.60510665650315
0x7b901288D982C208F74D2d68345BEF338F23406F,0x497eB27Ca1ed7566653edf811b03d6418a03FC9d,6248678,95,0.5306,1908.5023731684907
0x7b901288D982C208F74D2d68345BEF338F23406F,0x497eB27Ca1ed7566653edf811b03d6418a03FC9d,6249677,95,0.6386,2296.9649745672787
0x7b901288D982C208F74D2d68345BEF338F23406F,0x497eB27Ca1ed7566653edf811b03d6418a03FC9d,6250230,95,0.8258,2970.3001503251785
0x81506CaA981F3F93Ab3e7f81A7260E74e87e7550,0x497eB27Ca1ed7566653edf811b03d6418a03FC9d,6236057,95,0.9806,3527.0965456634417
0x84D1E52A5C2871d72eC2D190E14D19a065c98726,0x497eB27Ca1ed7566653edf811b03d6418a03FC9d,6242158,95,0.3708,1333.7215981358395
0x86AFE49F4f3F042E226d0a6FC1281CB7B967D167,0x9c96d0Cc5341654167ee35DB4F288ae523fe8779,6238778,52,0.1032,371.1975968921754
0x891a144965c72c50201BF06F851d3a25d1d07946,0x9c96d0Cc5341654167ee35DB4F288ae523fe8779,6240760,52,0.5,1798.4379694388342
0x891a144965c72c50201BF06F851d3a25d1d07946,0x497eB27Ca1ed7566653edf811b03d6418a03FC9d,6240883,95,0.7547,2714.5622710709763
0x891a144965c72c50201BF06F851d3a25d1d07946,0x9c96d0Cc5341654167ee35DB4F288ae523fe8779,6240976,52,0.13,467.5938720540969
0x891a144965c72c50201BF06F851d3a25d1d07946,0x9c96d0Cc5341654167ee35DB4F288ae523fe8779,6243772,52,0.1002,360.40696907554235
0x893882b77a7347F75a0C80Fae4ad08CddfCc8f9C,0x497eB27Ca1ed7566653edf811b03d6418a03FC9d,6244133,95,0.5938,2135.8249325055594
0x8a209F0305c77C6cA2C5873646E1966E8FD53C9D,0x9c96d0Cc5341654167ee35DB4F288ae523fe8779,6250166,52,0.1493,537.0135776744359
0x8B5a03f17243844D531f87356066a3Ae05797B7f,0x9c96d0Cc5341654167ee35DB4F288ae523fe8779,6239165,52,0.4709,1693.7688796174941
0x8B5a03f17243844D531f87356066a3Ae05797B7f,0x9c96d0Cc5341654167ee35DB4F288ae523fe8779,6239500,52,0.1474,530.1795133905683
0x8d79E38d7e38Df0c27bB7cEc4B88317EdfA7f87c,0x497eB27Ca1ed7566653edf811b03d6418a03FC9d,6240899,95,0.809,2909.872634552034
0x8f7479634E1eD22CEca59D759284f8bd89062E6f,0x497eB27Ca1ed7566653edf811b03d6418a03FC9d,6248497,95,0.3784,1361.0578552713098
0x92B886d05c30677F1F596F35e8099B79fdd670Db,0x497eB27Ca1ed7566653edf811b03d6418a03FC9d,6246440,95,0.3978,1430.8372484855365
0x947dB9D96AEa1650d4879ebA95E0D6aa0dD93E90,0x497eB27Ca1ed7566653edf811b03d6418a03FC9d,6237378,95,0.2355,847.0642836056909
0x947dB9D96AEa1650d4879ebA95E0D6aa0dD93E90,0x9c96d0Cc5341654167ee35DB4F288ae523fe8779,6249687,52,0.1,359.68759388776687
0x96d021550D6881b991d85C885a913CF318f1D392,0x9c96d0Cc5341654167ee35DB4F288ae523fe8779,6248761,52,0.1891,680.169240041767
0x96d021550D6881b991d85C885a913CF318f1D392,0x9c96d0Cc5341654167ee35DB4F288ae523fe8779,6253741,52,0.1586,570.4645239059981
0x98098214AD5b1B08Cc9D94e32f056e9A0De18110,0x9c96d0Cc5341654167ee35DB4F288ae523fe8779,6245257,52,0.2454,882.6733554005799
0x9bCa12D72928624DA36C01d27B55B98d4a65b5e9,0x497eB27Ca1ed7566653edf811b03d6418a03FC9d,6240714,95,0.1373,493.8510664079039
0x9D9169EAD636b9d5F20c53b6A39e6d1E9b112F38,0x9c96d0Cc5341654167ee35DB4F288ae523fe8779,6251597,52,0.18,647.4376689979803
0xa23712F42eE9ae1971Bc0b233887c1831A4C69CB,0x497eB27Ca1ed7566653edf811b03d6418a03FC9d,6245411,95,0.5007,1800.9557825960487
0xA3869484625e70dfAE2169747aA8511Ade2eeE15,0x497eB27Ca1ed7566653edf811b03d6418a03FC9d,6244252,95,0.2608,938.0652448592958
0xA47E21BeFA69F9f0D093749581872faD441984F3,0x497eB27Ca1ed7566653edf811b03d6418a03FC9d,6239557,95,0.2119,762.1780114481779
0xa95be2ebb635Fe1212baf0c7d30741D7a6Af8973,0x497eB27Ca1ed7566653edf811b03d6418a03FC9d,6246104,95,0.3645,1311.06127972091
0xa96e515Efda4E2e316F1F17B53397c91349a6D69,0x497eB27Ca1ed7566653edf811b03d6418a03FC9d,6244059,95,0.172,618.6626614869589
0xB012DBFD5988989F71a4455Ab478648eD8092159,0x497eB27Ca1ed7566653edf811b03d6418a03FC9d,6071075,95,0.295,1061.0784019689122
0xB012DBFD5988989F71a4455Ab478648eD8092159,0x497eB27Ca1ed7566653edf811b03d6418a03FC9d,6073675,95,0.5901,2122.516491531712
0xB012DBFD5988989F71a4455Ab478648eD8092159,0x497eB27Ca1ed7566653edf811b03d6418a03FC9d,6190631,95,0.2554,918.6421147893566
0xB012DBFD5988989F71a4455Ab478648eD8092159,0x9c96d0Cc5341654167ee35DB4F288ae523fe8779,6194534,52,0.1,359.68759388776687
0xB012DBFD5988989F71a4455Ab478648eD8092159,0x497eB27Ca1ed7566653edf811b03d6418a03FC9d,6232500,95,0.6879,2474.290958353948
0xB0586B2bFF6bA4b17FBb649CfFad506Abd797248,0x497eB27Ca1ed7566653edf811b03d6418a03FC9d,6237780,95,0.6867,2469.974707227295
0xB0586B2bFF6bA4b17FBb649CfFad506Abd797248,0x497eB27Ca1ed7566653edf811b03d6418a03FC9d,6237811,95,0.1716,617.2239111114079
0xB7b479180ca547A68440176c4420F1994328471B,0x497eB27Ca1ed7566653edf811b03d6418a03FC9d,6241254,95,0.1178,423.71198559978933
0xb8989cdCA809C201c6a15c400585Da728ed5364f,0x497eB27Ca1ed7566653edf811b03d6418a03FC9d,6237848,95,0.5981,2151.2914990427334
0xbC46383c6A7E0b8aDEAA128f0933F9E7479BCA34,0x497eB27Ca1ed7566653edf811b03d6418a03FC9d,6235579,95,0.1717,617.5835987052957
0xbd584812C7aAeb901E8424725065cb0716b9264f,0x497eB27Ca1ed7566653edf811b03d6418a03FC9d,6237244,95,0.1602,576.2195254082026
0xBFfea8BBd22f63D08d0bD88A6a582D240e871559,0x9c96d0Cc5341654167ee35DB4F288ae523fe8779,6238761,52,0.3056,1099.2052869210154
0xC03d8DB64dfe98ebFD94a84bc1f825CAB90EE15B,0x497eB27Ca1ed7566653edf811b03d6418a03FC9d,6245116,95,0.2065,742.7548813782385
0xC03d8DB64dfe98ebFD94a84bc1f825CAB90EE15B,0x497eB27Ca1ed7566653edf811b03d6418a03FC9d,6245138,95,0.1622,583.4132772859579
0xc09390818dD9892AD89967D3E9D0a0E8F9b0b477,0x497eB27Ca1ed7566653edf811b03d6418a03FC9d,6245198,95,0.6188,2225.7468309775013
0xc21c23e7F54bd5350236e4d68D01E2c3d95f7447,0x9c96d0Cc5341654167ee35DB4F288ae523fe8779,6253350,52,0.274,985.5440072524813
0xcb70F6A5E95c2803e1f8D20e9B2C05BBd1d20dEF,0x497eB27Ca1ed7566653edf811b03d6418a03FC9d,6249757,95,0.344,1237.3253229739178
0xcb70F6A5E95c2803e1f8D20e9B2C05BBd1d20dEF,0x497eB27Ca1ed7566653edf811b03d6418a03FC9d,6249992,95,0.344,1237.3253229739178
0xcb70F6A5E95c2803e1f8D20e9B2C05BBd1d20dEF,0x497eB27Ca1ed7566653edf811b03d6418a03FC9d,6250100,95,0.6879,2474.290958353948
0xcb70F6A5E95c2803e1f8D20e9B2C05BBd1d20dEF,0x497eB27Ca1ed7566653edf811b03d6418a03FC9d,6250358,95,0.1376,494.9301291895672
0xCbB4a73328ce05745c248447AD7199F6D4925D87,0x9c96d0Cc5341654167ee35DB4F288ae523fe8779,6253983,52,0.474,1704.9191950280147
0xd189AC699F21Bc3783178648ac655519FA2A148e,0x497eB27Ca1ed7566653edf811b03d6418a03FC9d,6238116,95,0.24,863.2502253306404
0xD2c83998be2306E814F2A220Eb9740051DbD2104,0x497eB27Ca1ed7566653edf811b03d6418a03FC9d,6237510,95,0.4416,1588.3804146083783
0xd307041F08334f21C1Cf4Ca799A7e38986Bf947f,0x9c96d0Cc5341654167ee35DB4F288ae523fe8779,6235263,52,0.1019,366.52165817163444
0xd44038A0db9657035cc765d8D443c689016103e2,0x497eB27Ca1ed7566653edf811b03d6418a03FC9d,6244155,95,0.1861,669.378612225134
0xd445f660be8f01E5a9dEc99CcE24F5cAAe3B7d90,0x9c96d0Cc5341654167ee35DB4F288ae523fe8779,6238870,52,0.3027,1088.7743466982704
0xd445f660be8f01E5a9dEc99CcE24F5cAAe3B7d90,0x9c96d0Cc5341654167ee35DB4F288ae523fe8779,6245093,52,0.132,474.78762393185224
0xd671422bdDC48942f8C1F8f5C8662Efb6aB0afF4,0x9c96d0Cc5341654167ee35DB4F288ae523fe8779,6254224,52,0.3521,1266.460018078827
0xD81de65b0a809BBD0Cf1100f5C75A0F06D0c1d6E,0x497eB27Ca1ed7566653edf811b03d6418a03FC9d,6245735,95,0.6179,2222.5096426325113
0xD9481b75Ea930A8F42380D552b5E1cb0ca119E5d,0x497eB27Ca1ed7566653edf811b03d6418a03FC9d,6245088,95,0.6195,2228.2646441347156
0xDe975401d53178cdF36E1301Da633A8f82C33ceF,0x497eB27Ca1ed7566653edf811b03d6418a03FC9d,6240846,95,0.1716,617.2239111114079
0xDED4ff409648E88c2A31bd95928cfc32954ADf6F,0x497eB27Ca1ed7566653edf811b03d6418a03FC9d,6252117,95,0.2458,884.1121057761309
0xE0e7a29f3E27Dab5F3a6C360a14b2C341dA561d4,0x497eB27Ca1ed7566653edf811b03d6418a03FC9d,6246437,95,0.3644,1310.7015921270224
0xE11199046918C186BCC5D865Ae5B1D20530a174a,0x497eB27Ca1ed7566653edf811b03d6418a03FC9d,6236079,95,0.6864,2468.8956444456317
0xE11199046918C186BCC5D865Ae5B1D20530a174a,0x497eB27Ca1ed7566653edf811b03d6418a03FC9d,6237909,95,0.1373,493.8510664079039
0xE11199046918C186BCC5D865Ae5B1D20530a174a,0x497eB27Ca1ed7566653edf811b03d6418a03FC9d,6237921,95,0.1373,493.8510664079039
0xE11199046918C186BCC5D865Ae5B1D20530a174a,0x497eB27Ca1ed7566653edf811b03d6418a03FC9d,6238149,95,0.1371,493.13169122012835
0xE11199046918C186BCC5D865Ae5B1D20530a174a,0x497eB27Ca1ed7566653edf811b03d6418a03FC9d,6238170,95,0.5387,1937.6370682733998
0xE11199046918C186BCC5D865Ae5B1D20530a174a,0x497eB27Ca1ed7566653edf811b03d6418a03FC9d,6240051,95,0.1372,493.49137881401606
0xE11199046918C186BCC5D865Ae5B1D20530a174a,0x497eB27Ca1ed7566653edf811b03d6418a03FC9d,6240073,95,0.1372,493.49137881401606
0xE11199046918C186BCC5D865Ae5B1D20530a174a,0x497eB27Ca1ed7566653edf811b03d6418a03FC9d,6243297,95,0.1375,494.5704415956794
0xE11199046918C186BCC5D865Ae5B1D20530a174a,0x497eB27Ca1ed7566653edf811b03d6418a03FC9d,6243739,95,0.1374,494.2107540017916
0xE11199046918C186BCC5D865Ae5B1D20530a174a,0x497eB27Ca1ed7566653edf811b03d6418a03FC9d,6243955,95,0.3434,1235.1671974105914
0xE11199046918C186BCC5D865Ae5B1D20530a174a,0x497eB27Ca1ed7566653edf811b03d6418a03FC9d,6245268,95,0.3437,1236.2462601922546
0xE11199046918C186BCC5D865Ae5B1D20530a174a,0x497eB27Ca1ed7566653edf811b03d6418a03FC9d,6245479,95,0.687,2471.0537700089585
0xe169546b796C050E75dbfBFf6596Fc50958E1FA6,0x9c96d0Cc5341654167ee35DB4F288ae523fe8779,6248895,52,0.5116,1840.1617303298153
0xe554962EB643b701cB087A67bad2cBdb8105A98c,0x497eB27Ca1ed7566653edf811b03d6418a03FC9d,6248503,95,0.3783,1360.6981676774221
0xEBB9f6da685d6810652B031fBC2a1591F1D29515,0x9c96d0Cc5341654167ee35DB4F288ae523fe8779,6236030,52,0.142,510.75638332062886
0xF1eF519554D7951A86052F35fE1bd00DEDbCe1A3,0x9c96d0Cc5341654167ee35DB4F288ae523fe8779,6255022,52,0.3,1079.0627816633005
0xF1eF519554D7951A86052F35fE1bd00DEDbCe1A3,0x9c96d0Cc5341654167ee35DB4F288ae523fe8779,6255504,52,0.8168,2937.9282668752794
0xf21d2e3c0AAb407E60088983Beca0570345563D4,0x9c96d0Cc5341654167ee35DB4F288ae523fe8779,6248922,52,0.323,1161.790928257487
0xF37e6F1e4D5dd99dEb4CE871f3C274d38bd64b08,0x497eB27Ca1ed7566653edf811b03d6418a03FC9d,6245866,95,0.7545,2713.8428958832005
0xf5d1F6aAB275FaD8856b06ad836633AE25537d6e,0x9c96d0Cc5341654167ee35DB4F288ae523fe8779,6248215,52,0.1,359.68759388776687
0xf5d1F6aAB275FaD8856b06ad836633AE25537d6e,0x9c96d0Cc5341654167ee35DB4F288ae523fe8779,6248344,52,0.5,1798.4379694388342
0xfD102a750C595d95ACE7bDBeD17E8b444891610d,0x9c96d0Cc5341654167ee35DB4F288ae523fe8779,6238500,52,0.8435,3033.9648544433135
0xFDA5A361f3C67EbfED328F3A9E95BD275734E675,0x9c96d0Cc5341654167ee35DB4F288ae523fe8779,6246293,52,0.4895,1760.6707720806187
0x000a97D591f1037C5002A1c7d52aFD227146E575,0x497eB27Ca1ed7566653edf811b03d6418a03FC9d,6245059,241,0.2065,741.8966550396509
0x00Bd3bDa43483aF368DE8b7EC6568437C7bB319F,0x497eB27Ca1ed7566653edf811b03d6418a03FC9d,6270609,241,0.6549,2352.872248840036
0x00Bd3bDa43483aF368DE8b7EC6568437C7bB319F,0x497eB27Ca1ed7566653edf811b03d6418a03FC9d,6310116,241,0.2752,988.716510735651
0x00d9Acf1D63Eae19a1b0E416bE85Dd7754298ffC,0x497eB27Ca1ed7566653edf811b03d6418a03FC9d,6274817,241,0.1033,371.12796351378176
0x018C8a81cb02cA1a327BaefD400f75f57ea57ba2,0x497eB27Ca1ed7566653edf811b03d6418a03FC9d,6288929,241,0.138,495.79534331947616
0x01c830423d0385e521fcB3C4A3A14bD33c4F3C3B,0x497eB27Ca1ed7566653edf811b03d6418a03FC9d,6360684,241,0.295,1059.8523643423584
0x0295E59B13844B75EF9E54ebc0F9FEc8A91389E2,0x9c96d0Cc5341654167ee35DB4F288ae523fe8779,6342334,120,0.3,1077.8159637379915
0x02B0daAE8B52f6de32DA0FBbe1988453B9740E0B,0x9c96d0Cc5341654167ee35DB4F288ae523fe8779,6288994,120,0.9426,3386.4977580647696
0x031c4F4E236B507354449bc4Ae242a0e27451782,0x9c96d0Cc5341654167ee35DB4F288ae523fe8779,6238806,120,0.3026,1087.1570354237208
0x032340D5eE1162539695d846729004DC9bf2F03c,0x9c96d0Cc5341654167ee35DB4F288ae523fe8779,6276834,120,0.9747,3501.824066184735
0x04f919b6020B1a2317bB7BEaCd62a5B729eBBB89,0x9c96d0Cc5341654167ee35DB4F288ae523fe8779,6302149,120,0.57,2047.8503311021839
0x058B9c1bA7cDED2150335464Ca1951Cf1CE38fDe,0x497eB27Ca1ed7566653edf811b03d6418a03FC9d,6320775,241,0.151,542.5007017481224
0x0611133571496E814294cD17067f4C14eee7D04f,0x497eB27Ca1ed7566653edf811b03d6418a03FC9d,6323130,241,0.3668,1317.809651663651
0x064144aD0DA78ADdC04F41a90817FA0CFbdc33C6,0x497eB27Ca1ed7566653edf811b03d6418a03FC9d,6295559,241,0.5508,1978.8701094229525
0x072914ed9a271607611748fF6A9EF54BeF18197C,0x9c96d0Cc5341654167ee35DB4F288ae523fe8779,6279291,120,0.2499,897.8206977937471
0x0955f836eC6FF90944348d875f2AaE03e1E965C3,0x497eB27Ca1ed7566653edf811b03d6418a03FC9d,6241366,241,0.3435,1234.0992784800005
0x0955f836eC6FF90944348d875f2AaE03e1E965C3,0x497eB27Ca1ed7566653edf811b03d6418a03FC9d,6241748,241,0.4122,1480.9191341760006
0x0992498F04dB48A58DAd02239Fe8c528155d5406,0x497eB27Ca1ed7566653edf811b03d6418a03FC9d,6293042,241,0.3535,1270.0264772712667
0x0aaCf7dD8FBd05AaB11E3c6f170f9213b701BAeF,0x497eB27Ca1ed7566653edf811b03d6418a03FC9d,6321092,241,0.1668,599.2656758383233
0x0BBc21C238b07F10c95f9F8c61f450A7754E0Fe3,0x497eB27Ca1ed7566653edf811b03d6418a03FC9d,6238039,241,0.2745,986.2016068202624
0x0BBc21C238b07F10c95f9F8c61f450A7754E0Fe3,0x497eB27Ca1ed7566653edf811b03d6418a03FC9d,6312490,241,0.3436,1234.458550467913
0x0DF079bE040Ddb3B7335c872a20eFEd2417Fa9Bc,0x497eB27Ca1ed7566653edf811b03d6418a03FC9d,6303067,241,0.8833,3173.4494692325597
0x0e4A0C920E8e125b4F04242E8Ca6c451e2FD1abF,0x497eB27Ca1ed7566653edf811b03d6418a03FC9d,6247748,241,0.8111,2914.055093959617
0x0e893d9769c3210C73843230dd250eecBC8fA302,0x9c96d0Cc5341654167ee35DB4F288ae523fe8779,6299206,120,0.3072,1103.6835468677034
0x0Ea3a94701239aD50eA268248e5f168bCea1606f,0x497eB27Ca1ed7566653edf811b03d6418a03FC9d,6326270,241,0.6259,2248.6833723453633
0x0Ea3a94701239aD50eA268248e5f168bCea1606f,0x497eB27Ca1ed7566653edf811b03d6418a03FC9d,6338869,241,0.1908,685.4909529373626
0x0Ea3a94701239aD50eA268248e5f168bCea1606f,0x497eB27Ca1ed7566653edf811b03d6418a03FC9d,6340457,241,0.3574,1284.0380847998606
0x0Ea3a94701239aD50eA268248e5f168bCea1606f,0x497eB27Ca1ed7566653edf811b03d6418a03FC9d,6354773,241,0.2512,902.4912336366116
0x0Ea3a94701239aD50eA268248e5f168bCea1606f,0x497eB27Ca1ed7566653edf811b03d6418a03FC9d,6355283,241,0.3784,1359.48520226152
0x1033252591C2e64cfdc6666cCb3Da27E159948bF,0x497eB27Ca1ed7566653edf811b03d6418a03FC9d,6317901,241,0.3187,1144.9998254776597
0x10Bea37Df7Bd76A48ca5FEf2f124Fb177cC8683D,0x497eB27Ca1ed7566653edf811b03d6418a03FC9d,6321505,241,0.1509,542.1414297602098
0x1108D0D1eB4b6822c980455E518c297CBb5e5EDA,0x497eB27Ca1ed7566653edf811b03d6418a03FC9d,6255208,241,0.4518,1623.1908413894153
0x11A1Ee668c9505d39cd8A4aa94D2fA664EBbeC7E,0x497eB27Ca1ed7566653edf811b03d6418a03FC9d,6321971,241,0.2021,726.0886875714937
0x11A9aD3e94CE7A21F5bf14174E328BC7c5eEb6fA,0x497eB27Ca1ed7566653edf811b03d6418a03FC9d,6323170,241,0.3319,1192.4237278821313
0x121734451418CD1C8beE90177C02722626CCBf17,0x497eB27Ca1ed7566653edf811b03d6418a03FC9d,6245274,241,0.4124,1481.6376781518259
0x122ef3453F663F929d1f1C887BEdF2d9930b171d,0x497eB27Ca1ed7566653edf811b03d6418a03FC9d,6245605,241,0.7552,2713.2220527164377
0x12734f36E365ed769B16b4157e26B9Ee7180E8CA,0x9c96d0Cc5341654167ee35DB4F288ae523fe8779,6265281,120,0.2704,971.4714553158431
0x12cb4ca94136b6e8Fb11636c55F47d0885f3Dc64,0x9c96d0Cc5341654167ee35DB4F288ae523fe8779,6265283,120,0.3322,1193.5015438458693
0x146F201B2b1a4F718aC443007FB1F8E8708E1820,0x497eB27Ca1ed7566653edf811b03d6418a03FC9d,6303521,241,0.2944,1057.6967324148825
0x156712b8F4BE2151d2213c790b1E44b9c6a259b7,0x497eB27Ca1ed7566653edf811b03d6418a03FC9d,6321045,241,0.199,714.9512559462012
0x1649b26eae366218F774286C38a167c1C69AFeCA,0x9c96d0Cc5341654167ee35DB4F288ae523fe8779,6362726,120,0.5225,1877.1961368436687
0x16aDc8455B2dcE0Df1123085759e94C4D525DC7f,0x9c96d0Cc5341654167ee35DB4F288ae523fe8779,6319998,120,0.3387,1216.8542230601925
0x16aDc8455B2dcE0Df1123085759e94C4D525DC7f,0x497eB27Ca1ed7566653edf811b03d6418a03FC9d,6362330,241,0.2507,900.6948736970483
0x16aDc8455B2dcE0Df1123085759e94C4D525DC7f,0x9c96d0Cc5341654167ee35DB4F288ae523fe8779,6362586,120,0.3539,1271.4635652229174
0x175fB20b9B5bCf80a0167D403405E6F3a074cfa0,0x497eB27Ca1ed7566653edf811b03d6418a03FC9d,6301670,241,0.2065,741.8966550396509
0x182A7aA2a2db368474E64d690b4F8D91b6673F3c,0x497eB27Ca1ed7566653edf811b03d6418a03FC9d,6240773,241,0.6861,2464.965109068787
0x1874FC5f915aa9Fd24C379fE7F9ec40607CEf78A,0x497eB27Ca1ed7566653edf811b03d6418a03FC9d,6302101,241,0.6486,2330.238113601538
0x19775E1817BC7a1e41060F80E0d00EabAE2959A7,0x497eB27Ca1ed7566653edf811b03d6418a03FC9d,6246593,241,0.2356,846.444803522236
0x1AF401f60b48528cc2C433F90Bf46122bFD393bF,0x497eB27Ca1ed7566653edf811b03d6418a03FC9d,6269504,241,0.1377,494.7175273557381
0x1C86E98A4CC451db8A502f31c14327D2B7CEC123,0x497eB27Ca1ed7566653edf811b03d6418a03FC9d,6328307,241,0.6869,2467.839284972088
0x1D503158F6443717e31f996408EeBBCfb7aFB2e7,0x9c96d0Cc5341654167ee35DB4F288ae523fe8779,6303204,120,0.25,898.1799697816597
0x1e8A4ec0a8546c532a929C7D53fc3E8853b963f1,0x9c96d0Cc5341654167ee35DB4F288ae523fe8779,6246960,120,0.1348,484.29863970627093
0x1fc975A31eC713BEA0B307D909fDF273bdBe78D3,0x9c96d0Cc5341654167ee35DB4F288ae523fe8779,6349976,120,0.11,395.19918670393025
0x21941AE82cb4866500Ff4Ee2c5Ebbf041C346E65,0x497eB27Ca1ed7566653edf811b03d6418a03FC9d,6270928,241,0.639,2295.748002761922
0x22338f6036bd28d10E4180735fAe96346283C886,0x497eB27Ca1ed7566653edf811b03d6418a03FC9d,6323998,241,0.2699,969.6750953762797
0x22B1Eab2f5ecfd930e68E3D659Ca017b7112E8c9,0x9c96d0Cc5341654167ee35DB4F288ae523fe8779,6354482,120,0.4927,1770.133084445695
0x22FBF2DDC6a0d6Fe4f69dF0b0e61939f6a2411b9,0x9c96d0Cc5341654167ee35DB4F288ae523fe8779,6282947,120,0.2943,1057.3374604269698
0x2300FC9125068FcB4a9454cA44Df7384c3EDB0e3,0x9c96d0Cc5341654167ee35DB4F288ae523fe8779,6254678,120,0.9919,3563.618848105713
0x231dE7DF0d3f47e76D3340Ce1b6571eB595c0930,0x9c96d0Cc5341654167ee35DB4F288ae523fe8779,6282868,120,0.2801,1006.3208381433716
0x234415043b1fff486e8315a14f4bcD4aF1e7513C,0x9c96d0Cc5341654167ee35DB4F288ae523fe8779,6287740,120,0.1103,396.2770026676682
0x23bc4Dc9172d15Bbe02E57C0269EcD46c007EB95,0x497eB27Ca1ed7566653edf811b03d6418a03FC9d,6245172,241,0.494,1774.8036202885596
0x24523B1979Ba2603A66d613d00662b63aaAdBB54,0x497eB27Ca1ed7566653edf811b03d6418a03FC9d,6287252,241,0.4224,1517.5648769430923
0x24523B1979Ba2603A66d613d00662b63aaAdBB54,0x497eB27Ca1ed7566653edf811b03d6418a03FC9d,6287376,241,0.1559,560.105029155843
0x249Fe973667bBe5E03051CE88556067fe52E2FFB,0x9c96d0Cc5341654167ee35DB4F288ae523fe8779,6288594,120,0.9856,3540.9847128672154
0x2600544F150Db80438004BE4Bbc7114aa21615A9,0x497eB27Ca1ed7566653edf811b03d6418a03FC9d,6327848,241,0.6868,2467.4800129841756
0x2600544F150Db80438004BE4Bbc7114aa21615A9,0x497eB27Ca1ed7566653edf811b03d6418a03FC9d,6327876,241,0.6867,2467.1207409962626
0x2600544F150Db80438004BE4Bbc7114aa21615A9,0x497eB27Ca1ed7566653edf811b03d6418a03FC9d,6328274,241,0.1202,431.844929471022
0x26C994BD5Ea84Bc2e53C4Bc1f6469683F20e0f36,0x497eB27Ca1ed7566653edf811b03d6418a03FC9d,6326207,241,0.573,2058.628490739564
0x26E1561d44df953b132b942e3BfF4C9aFa3D5759,0x9c96d0Cc5341654167ee35DB4F288ae523fe8779,6242743,120,0.1039,373.2835954412578
0x27ca775C9E65C78d86D56D643193484A0C40E387,0x497eB27Ca1ed7566653edf811b03d6418a03FC9d,6241450,241,0.9617,3455.1187077560885
0x282348138d45C10a8232C8E0dc3Cd1fa2d2fE6D0,0x497eB27Ca1ed7566653edf811b03d6418a03FC9d,6344747,241,0.2554,917.5806571289436
0x2b5233fa7753870A588DCCA95E876f4C29470889,0x497eB27Ca1ed7566653edf811b03d6418a03FC9d,6244230,241,0.4231,1520.0797808584807
0x2CB549742F2e4Cc3715252D394510260b4dBF673,0x497eB27Ca1ed7566653edf811b03d6418a03FC9d,6245501,241,0.9614,3454.0408917923505
0x2D1a0F69ea53d61b4f74648Ca1db523610784406,0x9c96d0Cc5341654167ee35DB4F288ae523fe8779,6280250,120,0.9732,3496.4349863660445
0x2E11D49a4dE0f108ed184B213221A3812B642a2e,0x9c96d0Cc5341654167ee35DB4F288ae523fe8779,6273009,120,0.4411,1584.7487386827604
0x2f573144967A40e654EFb65C104aE01D94367C79,0x9c96d0Cc5341654167ee35DB4F288ae523fe8779,6251682,120,0.4798,1723.7869980049613
0x31C798AC8159568D44c7F0C8678bF6FDC4cAF57C,0x9c96d0Cc5341654167ee35DB4F288ae523fe8779,6243258,120,0.1963,705.2509122725592
0x3259Bf3b58f2375672222201DA90E2af673f1eA5,0x9c96d0Cc5341654167ee35DB4F288ae523fe8779,6283584,120,0.2207,792.9132773232492
0x3293451bEeA4440d8c3ddCb49EB478A7dc567f65,0x497eB27Ca1ed7566653edf811b03d6418a03FC9d,6238098,241,0.2352,845.0077155705854
0x3293451bEeA4440d8c3ddCb49EB478A7dc567f65,0x497eB27Ca1ed7566653edf811b03d6418a03FC9d,6238384,241,0.6855,2462.8094771413107
0x3293451bEeA4440d8c3ddCb49EB478A7dc567f65,0x497eB27Ca1ed7566653edf811b03d6418a03FC9d,6241737,241,0.6872,2468.917100935826
0x3293451bEeA4440d8c3ddCb49EB478A7dc567f65,0x497eB27Ca1ed7566653edf811b03d6418a03FC9d,6245051,241,0.4131,1484.1525820672146
0x3293451bEeA4440d8c3ddCb49EB478A7dc567f65,0x497eB27Ca1ed7566653edf811b03d6418a03FC9d,6245126,241,0.1549,556.5123092767163
0x3293451bEeA4440d8c3ddCb49EB478A7dc567f65,0x497eB27Ca1ed7566653edf811b03d6418a03FC9d,6245175,241,0.1128,405.2588023654848
0x35Dc5C6b34f8624037Bb86FB990538da7aAc0083,0x497eB27Ca1ed7566653edf811b03d6418a03FC9d,6328995,241,0.8332,2993.4542032883155
0x3673B072e4FD8e5e83b2280a84B79AA144f7B712,0x497eB27Ca1ed7566653edf811b03d6418a03FC9d,6307867,241,0.2064,741.5373830517382
0x370c620D51d72F0db761b6fCd0a006FD85784565,0x497eB27Ca1ed7566653edf811b03d6418a03FC9d,6303507,241,0.319,1146.0776414413979
0x3827fe126004CF7FA22fA114D86023142FbBBd42,0x497eB27Ca1ed7566653edf811b03d6418a03FC9d,6345110,241,0.5896,2118.2676407330664
0x3860E143679156618E4cEA5F07872e04b6E7904e,0x497eB27Ca1ed7566653edf811b03d6418a03FC9d,6243243,241,0.6189,2223.534333191477
0x391eCEBB351714EC949795F63D093B05a124c3A2,0x497eB27Ca1ed7566653edf811b03d6418a03FC9d,6320669,241,0.151,542.5007017481224
0x396a6D7a33655c45044143CB8A812227bf279578,0x497eB27Ca1ed7566653edf811b03d6418a03FC9d,6245790,241,0.6863,2465.683653044612
0x398e950cA302B7368Ead8709973890BC4811aee7,0x9c96d0Cc5341654167ee35DB4F288ae523fe8779,6245058,120,0.9037,3246.740954766743
0x3Ae8E01536785F47eaA87ff1542ee509671Ec8df,0x497eB27Ca1ed7566653edf811b03d6418a03FC9d,6330794,241,0.2788,1001.6503023005068
0x3B5c6DB44c2e63309e3c570b0F7C3569d2371FFA,0x497eB27Ca1ed7566653edf811b03d6418a03FC9d,6321466,241,0.872,3132.851734598429
0x3E0ed5ff61836c1b08A359D7989017C9994CF8B6,0x9c96d0Cc5341654167ee35DB4F288ae523fe8779,6310629,120,0.4141,1487.7453019463412
0x3F86a3993c330dae0193b6081D49B32Fb21090b8,0x9c96d0Cc5341654167ee35DB4F288ae523fe8779,6247099,120,0.2491,894.9465218904456
0x3FA4A5319Fe925770965f5a4d12361CcEB39311e,0x497eB27Ca1ed7566653edf811b03d6418a03FC9d,6322097,241,0.1945,698.7840164901313
0x3FeE3161fe9f738840322C87DAF8c8Ca716f892D,0x497eB27Ca1ed7566653edf811b03d6418a03FC9d,6246468,241,0.165,592.7987800558955
0x3FeE3161fe9f738840322C87DAF8c8Ca716f892D,0x9c96d0Cc5341654167ee35DB4F288ae523fe8779,6246532,120,0.4915,1765.8218205907428
0x403864AD362C0c39fE13Be720ed6Ea21107653A1,0x9c96d0Cc5341654167ee35DB4F288ae523fe8779,6250276,120,0.2063,741.1781110638256
0x40640e60B03cB405316ad207f6D0130b5a7B2013,0x497eB27Ca1ed7566653edf811b03d6418a03FC9d,6304537,241,0.1322,474.95756802054166
0x4106cb0cdFA10aB7264Cf5A07455391a1E3ff2Be,0x9c96d0Cc5341654167ee35DB4F288ae523fe8779,6337751,120,0.2839,1019.9731736840527
0x4112Cc3bfd4ab3A92B03fA44f64b75B7d65294Ff,0x497eB27Ca1ed7566653edf811b03d6418a03FC9d,6324085,241,0.6723,2415.3855747368393
0x41d861B957D24741fD552f28002300D4367C5B25,0x497eB27Ca1ed7566653edf811b03d6418a03FC9d,6297863,241,0.2414,867.2825788211705
0x41ec28eceb137789032B2B505A57c1dA829934CD,0x9c96d0Cc5341654167ee35DB4F288ae523fe8779,6300034,120,0.1002,359.9905318884892
0x424536eBcE818655A4C436b93cFFb1c6D88c5B13,0x9c96d0Cc5341654167ee35DB4F288ae523fe8779,6252082,120,0.1001,359.63125990057654
0x45C1dBA9C30Aa069e53506b799638C5bC46e358f,0x9c96d0Cc5341654167ee35DB4F288ae523fe8779,6323090,120,0.5241,1882.9444886502713
0x468aa33C4e1a8A0c0e44F4C63749d6D7EdE7608E,0x497eB27Ca1ed7566653edf811b03d6418a03FC9d,6246018,241,0.4127,1482.7154941155638
0x48249F321Cb8EdFd41E52a30577B0E285B6AC0a1,0x9c96d0Cc5341654167ee35DB4F288ae523fe8779,6300301,120,0.5378,1932.1647509943061
0x49B195fFD5b655b2F10E6687111d4A3283F224Ef,0x9c96d0Cc5341654167ee35DB4F288ae523fe8779,6295767,120,0.1389,499.0287912106901
0x4BaD4C67A9704f6df012ff750d80f9C3832102a3,0x497eB27Ca1ed7566653edf811b03d6418a03FC9d,6248566,241,0.737,2647.834550916333
0x4Bad5984257247126d82D69fEF4302cc1B986E2E,0x497eB27Ca1ed7566653edf811b03d6418a03FC9d,6348228,241,0.1031,370.40941953795647
0x4c1ED62Ab4e161EA6E61CD302bB6a106CDd70B22,0x9c96d0Cc5341654167ee35DB4F288ae523fe8779,6359641,120,0.2984,1072.067611931389
0x4Ddcc4D19D5E273dA2E88B12bEbE3b0d260FAE9f,0x9c96d0Cc5341654167ee35DB4F288ae523fe8779,6287444,120,0.1,359.2719879126639
0x4E675B95A69eA0d20cE7727ff10Fc0334CC45eBA,0x9c96d0Cc5341654167ee35DB4F288ae523fe8779,6236903,120,0.1797,645.611762279057
0x4f048bE42587a83F6342a577582a74A6B918Af9d,0x497eB27Ca1ed7566653edf811b03d6418a03FC9d,6330604,241,0.6458,2320.1784979399836
0x4F5FE8DA30C1c11fE537730940CeD62AC37Ea371,0x497eB27Ca1ed7566653edf811b03d6418a03FC9d,6311339,241,0.4126,1482.356222127651
0x4FD56DF90ABb5ECeF403D6B3e63B0f33Ed47E497,0x497eB27Ca1ed7566653edf811b03d6418a03FC9d,6241661,241,0.3928,1411.2203685209436
0x500f59AC4D128285c9Bc538c96C69E48ADF10c49,0x497eB27Ca1ed7566653edf811b03d6418a03FC9d,6326066,241,0.5888,2115.393464829765
0x513b4Fb84dF4f8E05C05cDCbbB8D04c482ec0b4B,0x9c96d0Cc5341654167ee35DB4F288ae523fe8779,6265276,120,0.2704,971.4714553158431
0x515A2726293126d299f5946B5e1815aa2cf26aD9,0x9c96d0Cc5341654167ee35DB4F288ae523fe8779,6360638,120,0.3442,1236.614182395389
0x5192309938Ef4A6804e89d20c839169F05d8a8Ac,0x497eB27Ca1ed7566653edf811b03d6418a03FC9d,6243028,241,0.8253,2965.071716243215
0x56742dD0802695251B6fE0276Efd98816C2Ed3c4,0x9c96d0Cc5341654167ee35DB4F288ae523fe8779,6306148,120,0.3,1077.8159637379915
0x56C29f735cb3B2242ce9859Fd15B85Fea9424202,0x9c96d0Cc5341654167ee35DB4F288ae523fe8779,6302630,120,0.7354,2642.0861991097304
0x56d5eACcD56884aC6F0942dbefE3652EEDC30d56,0x497eB27Ca1ed7566653edf811b03d6418a03FC9d,6266110,241,0.6773,2433.3491741324724
0x571BD3b8aD6c70Aa28013bEbCA6d89e8e0273040,0x9c96d0Cc5341654167ee35DB4F288ae523fe8779,6255264,120,0.1277,458.7903285644718
0x5796Bf55Bf389Ce6886Ab606483613b3F4aEDD05,0x9c96d0Cc5341654167ee35DB4F288ae523fe8779,6241795,120,0.4921,1767.9774525182188
0x58605D60E2964Aa36D6cB4da23d9f9dDeC9Bc4f7,0x497eB27Ca1ed7566653edf811b03d6418a03FC9d,6335686,241,0.6381,2292.5145548707083
0x5897eABd827d38A5A8042051b9210bF6802e89D6,0x9c96d0Cc5341654167ee35DB4F288ae523fe8779,6317822,120,0.1291,463.82013639524905
0x58C4f03a954e4CbB1b8E204a881a8e9A99d015Dd,0x497eB27Ca1ed7566653edf811b03d6418a03FC9d,6336929,241,0.6869,2467.839284972088
0x58C4f03a954e4CbB1b8E204a881a8e9A99d015Dd,0x497eB27Ca1ed7566653edf811b03d6418a03FC9d,6356945,241,0.6189,2223.534333191477
0x5932FbE64f9Ea092796C4d2976D94156E77A10E4,0x9c96d0Cc5341654167ee35DB4F288ae523fe8779,6280618,120,0.5791,2080.5440820022363
0x5959174FcF6A5eA62455864Db3d118132F2BAD36,0x497eB27Ca1ed7566653edf811b03d6418a03FC9d,6273098,241,0.2617,940.2147923674413
0x5bA29AF60E27E655E7a0f4e298bccC0673303582,0x9c96d0Cc5341654167ee35DB4F288ae523fe8779,6284210,120,0.3245,1165.8376007765944
0x5Cd316300E4B01048af69E403668bE9D7f07851d,0x497eB27Ca1ed7566653edf811b03d6418a03FC9d,6253629,241,0.3243,1165.119056800769
0x5D0805D1EeeC1068A375eA28b13673BDdB71aC29,0x497eB27Ca1ed7566653edf811b03d6418a03FC9d,6325720,241,0.1031,370.40941953795647
0x5D0805D1EeeC1068A375eA28b13673BDdB71aC29,0x497eB27Ca1ed7566653edf811b03d6418a03FC9d,6364279,241,0.6866,2466.76146900835
0x5E88C5eE282e660Ce611740756A70760432DE32B,0x9c96d0Cc5341654167ee35DB4F288ae523fe8779,6248776,120,0.1,359.2719879126639
0x608d36784Aed31Da9F63909aa333E167cDb36112,0x9c96d0Cc5341654167ee35DB4F288ae523fe8779,6296012,120,0.1484,533.1596300623931
0x63218C1C12A7a81E8748a7172BAA922C8b20D0Dd,0x497eB27Ca1ed7566653edf811b03d6418a03FC9d,6310969,241,0.6947,2495.862500029276
0x639e43F5b44B3c1e8C841cB28D942437337c5C89,0x9c96d0Cc5341654167ee35DB4F288ae523fe8779,6247354,120,0.1002,359.9905318884892
0x6456dE7e29CF4740265C65629b573cA1D20dACb4,0x497eB27Ca1ed7566653edf811b03d6418a03FC9d,6303440,241,0.8588,3085.4278321939573
0x64f8e38e19c1B6992969Dcd5769c149951018Af1,0x9c96d0Cc5341654167ee35DB4F288ae523fe8779,6351019,120,0.2465,885.6054502047165
0x655979b2B9F0D0E7e4CD590a950550Ed60380A75,0x9c96d0Cc5341654167ee35DB4F288ae523fe8779,6262248,120,0.1964,705.6101842604718
0x66469b610831E5E7F259304e3d45af3F49BEe696,0x497eB27Ca1ed7566653edf811b03d6418a03FC9d,6360452,241,0.2508,901.0541456849611
0x66469b610831E5E7F259304e3d45af3F49BEe696,0x497eB27Ca1ed7566653edf811b03d6418a03FC9d,6360526,241,0.1626,584.1762523459914
0x66d5b38766704174b72F993695FfD9263a689d45,0x497eB27Ca1ed7566653edf811b03d6418a03FC9d,6265906,241,0.1477,530.6447261470046
0x67058979A42291BFdA488d9b5bA7946c67ea40Fe,0x497eB27Ca1ed7566653edf811b03d6418a03FC9d,6252514,241,0.1632,586.3318842734675
0x67058979A42291BFdA488d9b5bA7946c67ea40Fe,0x497eB27Ca1ed7566653edf811b03d6418a03FC9d,6255127,241,0.8114,2915.132909923355
0x67058979A42291BFdA488d9b5bA7946c67ea40Fe,0x497eB27Ca1ed7566653edf811b03d6418a03FC9d,6261722,241,0.112,402.3846264621835
0x67058979A42291BFdA488d9b5bA7946c67ea40Fe,0x497eB27Ca1ed7566653edf811b03d6418a03FC9d,6262067,241,0.1581,568.0090128899216
0x6762391958d87D5fA4D1252997615412A6A70651,0x497eB27Ca1ed7566653edf811b03d6418a03FC9d,6322154,241,0.1925,691.598576731878
0x681EF7e7864c37f8882B0F1E73Cd42dAC3285305,0x497eB27Ca1ed7566653edf811b03d6418a03FC9d,6240735,241,0.4118,1479.48204622435
0x681EF7e7864c37f8882B0F1E73Cd42dAC3285305,0x497eB27Ca1ed7566653edf811b03d6418a03FC9d,6240939,241,0.1543,554.3566773492403
0x681EF7e7864c37f8882B0F1E73Cd42dAC3285305,0x497eB27Ca1ed7566653edf811b03d6418a03FC9d,6241344,241,0.6183,2221.3787012640005
0x69bbBfDE43c49fc50f5647223dA5ef4756D78659,0x497eB27Ca1ed7566653edf811b03d6418a03FC9d,6328629,241,0.3159,1134.9402098161052
0x6b70FEe19B69F3cF4BEa18bE20A31Bb18C70F9D5,0x497eB27Ca1ed7566653edf811b03d6418a03FC9d,6336641,241,0.1649,592.4395080679827
0x6b70FEe19B69F3cF4BEa18bE20A31Bb18C70F9D5,0x497eB27Ca1ed7566653edf811b03d6418a03FC9d,6356193,241,0.9825,3529.8472812419227
0x6C880BA5f582DD1FA11557550aae4E28516c9ec8,0x497eB27Ca1ed7566653edf811b03d6418a03FC9d,6351158,241,0.2402,862.9713149662186
0x6cC4eAD03B6FDa979fA33b40546BA5D09C35396A,0x497eB27Ca1ed7566653edf811b03d6418a03FC9d,6238048,241,0.6861,2464.965109068787
0x71a878F733d19B2c410672A69f3756F88f988bb1,0x497eB27Ca1ed7566653edf811b03d6418a03FC9d,6303544,241,0.3189,1145.7183694534851
0x72Ea4b9Baef81103c6Af2d3a34afA0cBDA6a1d02,0x9c96d0Cc5341654167ee35DB4F288ae523fe8779,6238833,120,0.3026,1087.1570354237208
0x73C96043e755c06F2610bDB15f9BA5Ed0114C100,0x9c96d0Cc5341654167ee35DB4F288ae523fe8779,6244062,120,0.1099,394.8399147160176
0x742D2CC05f2266dB872eC2977a0fc98274B87634,0x497eB27Ca1ed7566653edf811b03d6418a03FC9d,6280704,241,0.1236,444.0601770600525
0x742D2CC05f2266dB872eC2977a0fc98274B87634,0x497eB27Ca1ed7566653edf811b03d6418a03FC9d,6280995,241,0.4126,1482.356222127651
0x742D2CC05f2266dB872eC2977a0fc98274B87634,0x497eB27Ca1ed7566653edf811b03d6418a03FC9d,6281728,241,0.6777,2434.786262084123
0x742D2CC05f2266dB872eC2977a0fc98274B87634,0x497eB27Ca1ed7566653edf811b03d6418a03FC9d,6312859,241,0.4123,1481.2784061639131
0x742D2CC05f2266dB872eC2977a0fc98274B87634,0x497eB27Ca1ed7566653edf811b03d6418a03FC9d,6312920,241,0.2267,814.469596598009
0x742D2CC05f2266dB872eC2977a0fc98274B87634,0x497eB27Ca1ed7566653edf811b03d6418a03FC9d,6349433,241,0.2936,1054.8225565115813
0x75ccf472C4119223381b3488465d9af0b0f9636e,0x9c96d0Cc5341654167ee35DB4F288ae523fe8779,6246323,120,0.4354,1564.2702353717386
0x75ccf472C4119223381b3488465d9af0b0f9636e,0x497eB27Ca1ed7566653edf811b03d6418a03FC9d,6302040,241,0.3716,1335.0547070834589
0x77863da34Ca9D4872b86Fb9a4973792ca6a11E16,0x9c96d0Cc5341654167ee35DB4F288ae523fe8779,6241687,120,0.1019,366.0981556830045
0x782f17e27322fb4d8a331F58f5d0e25DD0484A23,0x497eB27Ca1ed7566653edf811b03d6418a03FC9d,6322664,241,0.2451,880.5756423739392
0x78e90B46Ee542441e9FDcD1E072C3BC962fbd62d,0x497eB27Ca1ed7566653edf811b03d6418a03FC9d,6246151,241,0.5501,1976.355205507564
0x799F906Ba5e541b3f9809701ABF77B73DD5cA838,0x497eB27Ca1ed7566653edf811b03d6418a03FC9d,6325151,241,0.3436,1234.458550467913
0x7A1d055CB90E227AF2c676F55dba7DEA8Cca9fBf,0x497eB27Ca1ed7566653edf811b03d6418a03FC9d,6240320,241,0.451,1620.316665486114
0x7A1d055CB90E227AF2c676F55dba7DEA8Cca9fBf,0x497eB27Ca1ed7566653edf811b03d6418a03FC9d,6245706,241,0.8239,2960.0419084124374
0x7a43dc785CeD8554478b2bA2E491347C0826AdDE,0x9c96d0Cc5341654167ee35DB4F288ae523fe8779,6258094,120,0.8556,3073.931128580752
0x7a43dc785CeD8554478b2bA2E491347C0826AdDE,0x9c96d0Cc5341654167ee35DB4F288ae523fe8779,6283747,120,0.1293,464.5386803710744
0x7a79c12ce187dd901565b758bE1616523910f365,0x9c96d0Cc5341654167ee35DB4F288ae523fe8779,6250532,120,0.51,1832.2871383545857
0x7aA819E41693e9F435eC7Da54E8cFD08d03dBA6b,0x497eB27Ca1ed7566653edf811b03d6418a03FC9d,6319504,241,0.2477,889.9167140596684
0x7b901288D982C208F74D2d68345BEF338F23406F,0x497eB27Ca1ed7566653edf811b03d6418a03FC9d,6248474,241,0.1169,419.9889538699041
0x7b901288D982C208F74D2d68345BEF338F23406F,0x497eB27Ca1ed7566653edf811b03d6418a03FC9d,6248561,241,0.1136,408.1329782687862
0x7b901288D982C208F74D2d68345BEF338F23406F,0x497eB27Ca1ed7566653edf811b03d6418a03FC9d,6248678,241,0.5306,1906.2971678645943
0x7b901288D982C208F74D2d68345BEF338F23406F,0x497eB27Ca1ed7566653edf811b03d6418a03FC9d,6249677,241,0.6386,2294.3109148102712
0x7b901288D982C208F74D2d68345BEF338F23406F,0x497eB27Ca1ed7566653edf811b03d6418a03FC9d,6250230,241,0.8258,2966.868076182778
0x7b901288D982C208F74D2d68345BEF338F23406F,0x497eB27Ca1ed7566653edf811b03d6418a03FC9d,6302391,241,0.6873,2469.276372923739
0x7b901288D982C208F74D2d68345BEF338F23406F,0x497eB27Ca1ed7566653edf811b03d6418a03FC9d,6333693,241,0.7558,2715.3776846439137
0x7b901288D982C208F74D2d68345BEF338F23406F,0x497eB27Ca1ed7566653edf811b03d6418a03FC9d,6352281,241,0.1377,494.7175273557381
0x7bFAF31f4bf5a314f97227278B6262480Ddf99Ec,0x497eB27Ca1ed7566653edf811b03d6418a03FC9d,6336162,241,0.2945,1058.056004402795
0x807a1eB375134EFd5F4b9Db06123CE49be453F1c,0x497eB27Ca1ed7566653edf811b03d6418a03FC9d,6306589,241,0.9636,3461.9448755264293
0x80E0Dfc4A9E101E52982CD4aDA0B5591b15Fdb20,0x497eB27Ca1ed7566653edf811b03d6418a03FC9d,6336648,241,0.1679,603.2176677053626
0x80E0Dfc4A9E101E52982CD4aDA0B5591b15Fdb20,0x497eB27Ca1ed7566653edf811b03d6418a03FC9d,6354710,241,0.1671,600.3434918020613
0x81506CaA981F3F93Ab3e7f81A7260E74e87e7550,0x497eB27Ca1ed7566653edf811b03d6418a03FC9d,6236057,241,0.9806,3523.021113471582
0x84D1E52A5C2871d72eC2D190E14D19a065c98726,0x497eB27Ca1ed7566653edf811b03d6418a03FC9d,6242158,241,0.3708,1332.1805311801577
0x84Ecf15af6fEC307aFeAB934b46947967Bc02d5f,0x497eB27Ca1ed7566653edf811b03d6418a03FC9d,6362269,241,0.5014,1801.3897473940965
0x86AFE49F4f3F042E226d0a6FC1281CB7B967D167,0x9c96d0Cc5341654167ee35DB4F288ae523fe8779,6238778,120,0.1032,370.7686915258691
0x88B4F47ff1d5fCE6A576aD19ac53941fC302CFe2,0x497eB27Ca1ed7566653edf811b03d6418a03FC9d,6259402,241,0.4944,1776.24070824021
0x88Db67443C15DFa0967a01a2D9ba8517aEFD88A3,0x9c96d0Cc5341654167ee35DB4F288ae523fe8779,6327899,120,0.1268,455.55688067325775
0x891a144965c72c50201BF06F851d3a25d1d07946,0x9c96d0Cc5341654167ee35DB4F288ae523fe8779,6240760,120,0.5,1796.3599395633194
0x891a144965c72c50201BF06F851d3a25d1d07946,0x497eB27Ca1ed7566653edf811b03d6418a03FC9d,6240883,241,0.7547,2711.4256927768743
0x891a144965c72c50201BF06F851d3a25d1d07946,0x9c96d0Cc5341654167ee35DB4F288ae523fe8779,6240976,120,0.13,467.05358428646304
0x891a144965c72c50201BF06F851d3a25d1d07946,0x9c96d0Cc5341654167ee35DB4F288ae523fe8779,6243772,120,0.1002,359.9905318884892
0x893882b77a7347F75a0C80Fae4ad08CddfCc8f9C,0x497eB27Ca1ed7566653edf811b03d6418a03FC9d,6244133,241,0.5938,2133.357064225398
0x8a209F0305c77C6cA2C5873646E1966E8FD53C9D,0x9c96d0Cc5341654167ee35DB4F288ae523fe8779,6250166,120,0.1493,536.3930779536071
0x8D455684150F5bD4B03ed8B19105DCB08955C9e2,0x497eB27Ca1ed7566653edf811b03d6418a03FC9d,6312718,241,0.3334,1197.8128077008212
0x8d79E38d7e38Df0c27bB7cEc4B88317EdfA7f87c,0x497eB27Ca1ed7566653edf811b03d6418a03FC9d,6240899,241,0.809,2906.510382213451
0x8f7479634E1eD22CEca59D759284f8bd89062E6f,0x497eB27Ca1ed7566653edf811b03d6418a03FC9d,6248497,241,0.3784,1359.48520226152
0x90b21A6BF2d0293580536d93e1f2F8b6c6A2A176,0x9c96d0Cc5341654167ee35DB4F288ae523fe8779,6301858,120,0.1013,363.9425237555285
0x90D4Aa3Bf552999e7ca9Ce89CF8e6FADa4c69AAB,0x497eB27Ca1ed7566653edf811b03d6418a03FC9d,6330756,241,0.2081,747.6450068462535
0x922b38449e17eef7Bde8152c0168E8bBb43Cb429,0x497eB27Ca1ed7566653edf811b03d6418a03FC9d,6283105,241,0.2943,1057.3374604269698
0x92B886d05c30677F1F596F35e8099B79fdd670Db,0x497eB27Ca1ed7566653edf811b03d6418a03FC9d,6246440,241,0.3978,1429.1839679165769
0x947dB9D96AEa1650d4879ebA95E0D6aa0dD93E90,0x497eB27Ca1ed7566653edf811b03d6418a03FC9d,6237378,241,0.2355,846.0855315343234
0x947dB9D96AEa1650d4879ebA95E0D6aa0dD93E90,0x9c96d0Cc5341654167ee35DB4F288ae523fe8779,6249687,120,0.1,359.2719879126639
0x95c345f6C911E10cEAA107CAB01B99640Ae3c521,0x497eB27Ca1ed7566653edf811b03d6418a03FC9d,6310920,241,0.8844,3177.401461099599
0x9667FB9fce99ce1D0e6604CD518aEd31796c771e,0x9c96d0Cc5341654167ee35DB4F288ae523fe8779,6327943,120,0.9853,3539.906896903477
0x96d021550D6881b991d85C885a913CF318f1D392,0x9c96d0Cc5341654167ee35DB4F288ae523fe8779,6337086,120,0.2049,736.1483032330483
0x98098214AD5b1B08Cc9D94e32f056e9A0De18110,0x9c96d0Cc5341654167ee35DB4F288ae523fe8779,6245257,120,0.2454,881.6534583376772
0x9828c2028705969F7DeDE5FE61B187F930726B2c,0x9c96d0Cc5341654167ee35DB4F288ae523fe8779,6323296,120,0.167,599.9842198141487
0x98Ee5F130B19109e4670f3Bdc38C48533b3F32B4,0x9c96d0Cc5341654167ee35DB4F288ae523fe8779,6318923,120,0.5014,1801.3897473940965
0x98Ee5F130B19109e4670f3Bdc38C48533b3F32B4,0x497eB27Ca1ed7566653edf811b03d6418a03FC9d,6319656,241,0.1179,423.5816737490307
0x991b10Da496102F6260e8679F7202C8BFB89aA5E,0x497eB27Ca1ed7566653edf811b03d6418a03FC9d,6277662,241,0.7365,2646.03819097677
0x99BF13b64758d1c71dcb8A16897edae9e8C12039,0x497eB27Ca1ed7566653edf811b03d6418a03FC9d,6334960,241,0.2111,758.4231664836335
0x99BF13b64758d1c71dcb8A16897edae9e8C12039,0x497eB27Ca1ed7566653edf811b03d6418a03FC9d,6336983,241,0.7826,2811.6625774045074
0x9bB5e797D08943aE6Eee802bfa9dfD4d279EE98F,0x497eB27Ca1ed7566653edf811b03d6418a03FC9d,6365936,241,0.3925,1410.1425525572058
0x9bCa12D72928624DA36C01d27B55B98d4a65b5e9,0x497eB27Ca1ed7566653edf811b03d6418a03FC9d,6240714,241,0.1373,493.28043940408753
0x9D9169EAD636b9d5F20c53b6A39e6d1E9b112F38,0x9c96d0Cc5341654167ee35DB4F288ae523fe8779,6251597,120,0.18,646.6895782427949
0x9df5f8894148d96373400174bCee6A5480afF3e6,0x9c96d0Cc5341654167ee35DB4F288ae523fe8779,6317447,120,0.1973,708.8436321516858
0x9df5f8894148d96373400174bCee6A5480afF3e6,0x497eB27Ca1ed7566653edf811b03d6418a03FC9d,6317724,241,0.2065,741.8966550396509
0x9E3d5edb35aA28Cc0E52a5A0AF93F32D4D8e446E,0x497eB27Ca1ed7566653edf811b03d6418a03FC9d,6364435,241,0.1297,465.97576832272506
0x9f1E80183DeC5f0F788BF39740Cfe84C719aca8F,0x497eB27Ca1ed7566653edf811b03d6418a03FC9d,6318124,241,0.295,1059.8523643423584
0xa0Eb44b173AF64f2FdB47C7d76FF3A33e04103b6,0x497eB27Ca1ed7566653edf811b03d6418a03FC9d,6355019,241,0.1966,706.3287282362971
0xa23712F42eE9ae1971Bc0b233887c1831A4C69CB,0x497eB27Ca1ed7566653edf811b03d6418a03FC9d,6245411,241,0.5007,1798.874843478708
0xA30305e3300fAeFcF76cf921fEa11D0A73745fbC,0x9c96d0Cc5341654167ee35DB4F288ae523fe8779,6364024,120,0.4948,1777.6777961918608
0xA30305e3300fAeFcF76cf921fEa11D0A73745fbC,0x497eB27Ca1ed7566653edf811b03d6418a03FC9d,6364062,241,0.6865,2466.4021970204376
0xA3869484625e70dfAE2169747aA8511Ade2eeE15,0x497eB27Ca1ed7566653edf811b03d6418a03FC9d,6244252,241,0.2608,936.9813444762273
0xA47E21BeFA69F9f0D093749581872faD441984F3,0x497eB27Ca1ed7566653edf811b03d6418a03FC9d,6239557,241,0.2119,761.2973423869348
0xa95be2ebb635Fe1212baf0c7d30741D7a6Af8973,0x497eB27Ca1ed7566653edf811b03d6418a03FC9d,6246104,241,0.3645,1309.5463959416597
0xa96e515Efda4E2e316F1F17B53397c91349a6D69,0x497eB27Ca1ed7566653edf811b03d6418a03FC9d,6244059,241,0.172,617.9478192097818
0xA989211Afe9d26302588559565419092b81cDd4C,0x9c96d0Cc5341654167ee35DB4F288ae523fe8779,6262571,120,0.1012,363.5832517676158
0xabE21a7537cfF588e6209492aFCa65d635A3b313,0x9c96d0Cc5341654167ee35DB4F288ae523fe8779,6327860,120,0.5887,2115.034192841852
0xACf61Fd6D3E5db006823dFE041De1208aF0bedf3,0x497eB27Ca1ed7566653edf811b03d6418a03FC9d,6330701,241,0.6863,2465.683653044612
0xAf72E36d1d16aE80b6811a99909cb92396d18777,0x9c96d0Cc5341654167ee35DB4F288ae523fe8779,6265282,120,0.2463,884.8869062288911
0xB012DBFD5988989F71a4455Ab478648eD8092159,0x497eB27Ca1ed7566653edf811b03d6418a03FC9d,6071075,241,0.295,1059.8523643423584
0xB012DBFD5988989F71a4455Ab478648eD8092159,0x497eB27Ca1ed7566653edf811b03d6418a03FC9d,6073675,241,0.5901,2120.0640006726294
0xB012DBFD5988989F71a4455Ab478648eD8092159,0x497eB27Ca1ed7566653edf811b03d6418a03FC9d,6190631,241,0.2554,917.5806571289436
0xB012DBFD5988989F71a4455Ab478648eD8092159,0x9c96d0Cc5341654167ee35DB4F288ae523fe8779,6194534,120,0.1,359.2719879126639
0xB012DBFD5988989F71a4455Ab478648eD8092159,0x497eB27Ca1ed7566653edf811b03d6418a03FC9d,6232500,241,0.6879,2471.4320048512145
0xB0586B2bFF6bA4b17FBb649CfFad506Abd797248,0x497eB27Ca1ed7566653edf811b03d6418a03FC9d,6237780,241,0.6867,2467.1207409962626
0xB0586B2bFF6bA4b17FBb649CfFad506Abd797248,0x497eB27Ca1ed7566653edf811b03d6418a03FC9d,6237811,241,0.1716,616.5107312581312
0xB603954aD38E94cCfF94d1F5D98495b89bB004Ce,0x497eB27Ca1ed7566653edf811b03d6418a03FC9d,6272506,241,0.2749,987.6386947719129
0xb67e6B9D87B03bfd21C5fae7F7Fb7D2dc8050D00,0x9c96d0Cc5341654167ee35DB4F288ae523fe8779,6303276,120,0.2748,987.2794227840003
0xb6f6713975D7E6f7A7aFEf2C615dF05aB891BD98,0x497eB27Ca1ed7566653edf811b03d6418a03FC9d,6285745,241,0.3524,1266.0744854042275
0xB714fa495c0332b49D580F2aabD3dA667D068b0c,0x9c96d0Cc5341654167ee35DB4F288ae523fe8779,6295299,120,0.3933,1413.016728460507
0xB7b479180ca547A68440176c4420F1994328471B,0x497eB27Ca1ed7566653edf811b03d6418a03FC9d,6241254,241,0.1178,423.222401761118
0xb8989cdCA809C201c6a15c400585Da728ed5364f,0x497eB27Ca1ed7566653edf811b03d6418a03FC9d,6237848,241,0.5981,2148.8057597056427
0xB9b93bF2DB3678b010E71Ef701d763Aee144E93E,0x9c96d0Cc5341654167ee35DB4F288ae523fe8779,6265012,120,0.2366,850.0375234013627
0xbC46383c6A7E0b8aDEAA128f0933F9E7479BCA34,0x497eB27Ca1ed7566653edf811b03d6418a03FC9d,6235579,241,0.1717,616.8700032460439
0xbd584812C7aAeb901E8424725065cb0716b9264f,0x497eB27Ca1ed7566653edf811b03d6418a03FC9d,6237244,241,0.1602,575.5537246360875
0xbfC99F161B83f591a14E1fc13D12d7c086542774,0x9c96d0Cc5341654167ee35DB4F288ae523fe8779,6300710,120,0.9814,3525.8952893748833
0xBFfea8BBd22f63D08d0bD88A6a582D240e871559,0x9c96d0Cc5341654167ee35DB4F288ae523fe8779,6238761,120,0.3056,1097.9351950611008
0xC03d8DB64dfe98ebFD94a84bc1f825CAB90EE15B,0x497eB27Ca1ed7566653edf811b03d6418a03FC9d,6245116,241,0.2065,741.8966550396509
0xC03d8DB64dfe98ebFD94a84bc1f825CAB90EE15B,0x497eB27Ca1ed7566653edf811b03d6418a03FC9d,6245138,241,0.1622,582.7391643943408
0xc09390818dD9892AD89967D3E9D0a0E8F9b0b477,0x497eB27Ca1ed7566653edf811b03d6418a03FC9d,6245198,241,0.6188,2223.175061203564
0xc0ad5d21fF19A4E85b016BfD53cED8842995C151,0x9c96d0Cc5341654167ee35DB4F288ae523fe8779,6282236,120,0.3442,1236.614182395389
0xc0C1Ab20b3D4E198cc688b706dEC75eB3De6dC58,0x9c96d0Cc5341654167ee35DB4F288ae523fe8779,6268905,120,0.3942,1416.250176351721
0xC258D51D09bBfB9d99365E95D16D197a78469128,0x497eB27Ca1ed7566653edf811b03d6418a03FC9d,6293257,241,0.5401,1940.4280067162977
0xC34D931CC6290DaE177a6Fc645DB444a132A442f,0x9c96d0Cc5341654167ee35DB4F288ae523fe8779,6265279,120,0.3228,1159.7299769820788
0xc6404f24DB2f573F07F3A60758765caad198c0c3,0x9c96d0Cc5341654167ee35DB4F288ae523fe8779,6295779,120,0.241,865.84549086952
0xcb70F6A5E95c2803e1f8D20e9B2C05BBd1d20dEF,0x497eB27Ca1ed7566653edf811b03d6418a03FC9d,6249757,241,0.344,1235.8956384195635
0xcb70F6A5E95c2803e1f8D20e9B2C05BBd1d20dEF,0x497eB27Ca1ed7566653edf811b03d6418a03FC9d,6249992,241,0.344,1235.8956384195635
0xcb70F6A5E95c2803e1f8D20e9B2C05BBd1d20dEF,0x497eB27Ca1ed7566653edf811b03d6418a03FC9d,6250100,241,0.6879,2471.4320048512145
0xcb70F6A5E95c2803e1f8D20e9B2C05BBd1d20dEF,0x497eB27Ca1ed7566653edf811b03d6418a03FC9d,6250358,241,0.1376,494.3582553678255
0xcb70F6A5E95c2803e1f8D20e9B2C05BBd1d20dEF,0x497eB27Ca1ed7566653edf811b03d6418a03FC9d,6297894,241,0.8277,2973.694243953119
0xCbB4a73328ce05745c248447AD7199F6D4925D87,0x9c96d0Cc5341654167ee35DB4F288ae523fe8779,6253983,120,0.474,1702.9492227060266
0xCE436E5B28918Df04ED04D14B06081797e31Ed77,0x9c96d0Cc5341654167ee35DB4F288ae523fe8779,6265282,120,0.2975,1068.834164040175
0xcF30a573E3ac5e855FE23BF85fF78EF62Db9e52b,0x497eB27Ca1ed7566653edf811b03d6418a03FC9d,6319151,241,0.1273,457.3532406128211
0xD075d9CB27E42b279c9F81BF8455fE65108d72d7,0x9c96d0Cc5341654167ee35DB4F288ae523fe8779,6286807,120,0.1032,370.7686915258691
0xD0d9E3505349BC945A414A6EC8fF8bcaDAbF20e3,0x497eB27Ca1ed7566653edf811b03d6418a03FC9d,6278305,241,0.6872,2468.917100935826
0xd189AC699F21Bc3783178648ac655519FA2A148e,0x497eB27Ca1ed7566653edf811b03d6418a03FC9d,6238116,241,0.24,862.2527709903933
0xD2c83998be2306E814F2A220Eb9740051DbD2104,0x497eB27Ca1ed7566653edf811b03d6418a03FC9d,6237510,241,0.4416,1586.5450986223236
0xd307041F08334f21C1Cf4Ca799A7e38986Bf947f,0x9c96d0Cc5341654167ee35DB4F288ae523fe8779,6235263,120,0.1019,366.0981556830045
0xD3Efb39f06379d05f5ca1F3Dfa03C26Afc74dE9f,0x497eB27Ca1ed7566653edf811b03d6418a03FC9d,6290366,241,0.1041,374.0021394170831
0xd44038A0db9657035cc765d8D443c689016103e2,0x497eB27Ca1ed7566653edf811b03d6418a03FC9d,6244155,241,0.1861,668.6051695054674
0xd445f660be8f01E5a9dEc99CcE24F5cAAe3B7d90,0x9c96d0Cc5341654167ee35DB4F288ae523fe8779,6238870,120,0.3027,1087.5163074116335
0xd445f660be8f01E5a9dEc99CcE24F5cAAe3B7d90,0x9c96d0Cc5341654167ee35DB4F288ae523fe8779,6245093,120,0.132,474.23902404471636
0xD473781816837C7cd2FADC34E66F09786D2E2694,0x9c96d0Cc5341654167ee35DB4F288ae523fe8779,6287542,120,0.4913,1765.1032766149176
0xd506864036873C7BCcCB9B9c4cd1ea7e339B1863,0x497eB27Ca1ed7566653edf811b03d6418a03FC9d,6279837,241,0.2405,864.0491309299566
0xd506864036873C7BCcCB9B9c4cd1ea7e339B1863,0x497eB27Ca1ed7566653edf811b03d6418a03FC9d,6281068,241,0.6464,2322.334129867459
0xd506864036873C7BCcCB9B9c4cd1ea7e339B1863,0x497eB27Ca1ed7566653edf811b03d6418a03FC9d,6323545,241,0.1505,540.7043418085591
0xd671422bdDC48942f8C1F8f5C8662Efb6aB0afF4,0x9c96d0Cc5341654167ee35DB4F288ae523fe8779,6254224,120,0.3521,1264.9966694404895
0xd6A6aC532D68b4D3F4537f8b73f2dAB201ea7cfA,0x497eB27Ca1ed7566653edf811b03d6418a03FC9d,6316369,241,0.2613,938.7777044157906
0xd6A6aC532D68b4D3F4537f8b73f2dAB201ea7cfA,0x497eB27Ca1ed7566653edf811b03d6418a03FC9d,6316637,241,0.1203,432.2042014589347
0xD6aCCd12Dd3b8DA5a53462D5DAD08d05E4f535D3,0x9c96d0Cc5341654167ee35DB4F288ae523fe8779,6271185,120,0.101,362.8647077917905
0xD7efAE6e8e0556eBb5E77A499a34FCe6a4D8c722,0x497eB27Ca1ed7566653edf811b03d6418a03FC9d,6357294,241,0.6875,2469.994916899564
0xD81de65b0a809BBD0Cf1100f5C75A0F06D0c1d6E,0x497eB27Ca1ed7566653edf811b03d6418a03FC9d,6245735,241,0.6179,2219.94161331235
0xD9481b75Ea930A8F42380D552b5E1cb0ca119E5d,0x497eB27Ca1ed7566653edf811b03d6418a03FC9d,6245088,241,0.6195,2225.689965118953
0xD9F5576398Ca37C459Ab4aC0C1f46b60CfBdd98D,0x9c96d0Cc5341654167ee35DB4F288ae523fe8779,6302180,120,0.685,2461.0131172017477
0xDc5DBFe019C876195a4e316731A3131eF2e49881,0x9c96d0Cc5341654167ee35DB4F288ae523fe8779,6277540,120,0.1886,677.5869692032841
0xdCAd95C9894d80fB30817F59e7619Fd9128f64d1,0x9c96d0Cc5341654167ee35DB4F288ae523fe8779,6264700,120,0.2849,1023.5658935631793
0xDCd585e4D5c624C073996eF219b3eff4EbcD63Ac,0x497eB27Ca1ed7566653edf811b03d6418a03FC9d,6336325,241,0.1565,562.260661083319
0xDCd585e4D5c624C073996eF219b3eff4EbcD63Ac,0x497eB27Ca1ed7566653edf811b03d6418a03FC9d,6354734,241,0.1278,459.1496005523844
0xdDB0766ff83a91980c0CC4b9137E089bD8385D7A,0x497eB27Ca1ed7566653edf811b03d6418a03FC9d,6309659,241,0.7663,2753.1012433747433
0xDe765B9D2A5b5b8E9e952DA5aC3E43B011Cdb289,0x497eB27Ca1ed7566653edf811b03d6418a03FC9d,6324014,241,0.1751,629.0852508350745
0xDe975401d53178cdF36E1301Da633A8f82C33ceF,0x497eB27Ca1ed7566653edf811b03d6418a03FC9d,6240846,241,0.1716,616.5107312581312
0xDED4ff409648E88c2A31bd95928cfc32954ADf6F,0x497eB27Ca1ed7566653edf811b03d6418a03FC9d,6252117,241,0.2458,883.0905462893278
0xDED4ff409648E88c2A31bd95928cfc32954ADf6F,0x9c96d0Cc5341654167ee35DB4F288ae523fe8779,6337445,120,0.3884,1395.4124010527867
0xdED77410241c3bCC3997C1F92ad622b9eacB2c6d,0x9c96d0Cc5341654167ee35DB4F288ae523fe8779,6265278,120,0.2888,1037.5775010917732
0xe052D6C3535F37e98678E178ECE7f17B949C6aCE,0x497eB27Ca1ed7566653edf811b03d6418a03FC9d,6337651,241,0.2354,845.7262595464108
0xE0e7a29f3E27Dab5F3a6C360a14b2C341dA561d4,0x497eB27Ca1ed7566653edf811b03d6418a03FC9d,6246437,241,0.3644,1309.1871239537472
0xE11199046918C186BCC5D865Ae5B1D20530a174a,0x497eB27Ca1ed7566653edf811b03d6418a03FC9d,6236079,241,0.6864,2466.0429250325246
0xE11199046918C186BCC5D865Ae5B1D20530a174a,0x497eB27Ca1ed7566653edf811b03d6418a03FC9d,6237909,241,0.1373,493.28043940408753
0xE11199046918C186BCC5D865Ae5B1D20530a174a,0x497eB27Ca1ed7566653edf811b03d6418a03FC9d,6237921,241,0.1373,493.28043940408753
0xE11199046918C186BCC5D865Ae5B1D20530a174a,0x497eB27Ca1ed7566653edf811b03d6418a03FC9d,6238149,241,0.1371,492.5618954282622
0xE11199046918C186BCC5D865Ae5B1D20530a174a,0x497eB27Ca1ed7566653edf811b03d6418a03FC9d,6238170,241,0.5387,1935.39819888552
0xE11199046918C186BCC5D865Ae5B1D20530a174a,0x497eB27Ca1ed7566653edf811b03d6418a03FC9d,6240051,241,0.1372,492.9211674161748
0xE11199046918C186BCC5D865Ae5B1D20530a174a,0x497eB27Ca1ed7566653edf811b03d6418a03FC9d,6240073,241,0.1372,492.9211674161748
0xE11199046918C186BCC5D865Ae5B1D20530a174a,0x497eB27Ca1ed7566653edf811b03d6418a03FC9d,6243297,241,0.1375,493.9989833799129
0xE11199046918C186BCC5D865Ae5B1D20530a174a,0x497eB27Ca1ed7566653edf811b03d6418a03FC9d,6243739,241,0.1374,493.63971139200015
0xE11199046918C186BCC5D865Ae5B1D20530a174a,0x497eB27Ca1ed7566653edf811b03d6418a03FC9d,6243955,241,0.3434,1233.7400064920878
0xE11199046918C186BCC5D865Ae5B1D20530a174a,0x497eB27Ca1ed7566653edf811b03d6418a03FC9d,6245268,241,0.3437,1234.8178224558258
0xE11199046918C186BCC5D865Ae5B1D20530a174a,0x497eB27Ca1ed7566653edf811b03d6418a03FC9d,6245479,241,0.687,2468.198556960001
0xe169546b796C050E75dbfBFf6596Fc50958E1FA6,0x9c96d0Cc5341654167ee35DB4F288ae523fe8779,6248895,120,0.5116,1838.0354901611886
0xe241225550a7ca4a82FA233836955Dbf22536FcF,0x497eB27Ca1ed7566653edf811b03d6418a03FC9d,6295086,241,0.6194,2225.33069313104
0xe241225550a7ca4a82FA233836955Dbf22536FcF,0x497eB27Ca1ed7566653edf811b03d6418a03FC9d,6295629,241,0.5508,1978.8701094229525
0xe3b81929022FCC6d9c8668eedfcFE8224Db66917,0x9c96d0Cc5341654167ee35DB4F288ae523fe8779,6345947,120,0.4912,1764.744004627005
0xe554962EB643b701cB087A67bad2cBdb8105A98c,0x497eB27Ca1ed7566653edf811b03d6418a03FC9d,6248503,241,0.3783,1359.1259302736075
0xe554962EB643b701cB087A67bad2cBdb8105A98c,0x9c96d0Cc5341654167ee35DB4F288ae523fe8779,6283496,120,0.3433,1233.380734504175
0xE6d57784D3BdC019A0ed49c995f0Eb81EbFdB953,0x497eB27Ca1ed7566653edf811b03d6418a03FC9d,6299869,241,0.3438,1235.1770944437383
0xE6d57784D3BdC019A0ed49c995f0Eb81EbFdB953,0x497eB27Ca1ed7566653edf811b03d6418a03FC9d,6300282,241,0.1376,494.3582553678255
0xE7DbDE2EDfBf9bF3117Fc2C49c524DbFF2bfD76e,0x497eB27Ca1ed7566653edf811b03d6418a03FC9d,6319998,241,0.9826,3530.206553229835
0xe8c0C8eE69957012851e34B6A6E2E6FBbc01abeC,0x497eB27Ca1ed7566653edf811b03d6418a03FC9d,6333182,241,0.3434,1233.7400064920878
0xe8c0C8eE69957012851e34B6A6E2E6FBbc01abeC,0x497eB27Ca1ed7566653edf811b03d6418a03FC9d,6336090,241,0.6941,2493.7068681018
0xE93F1Ce0e4d4DB55cC5E55c6f5B72575e3F3F55F,0x9c96d0Cc5341654167ee35DB4F288ae523fe8779,6350362,120,0.8825,3170.5752933292583
0xEB334e4056b60407C164aD0B2f045379091b93aC,0x497eB27Ca1ed7566653edf811b03d6418a03FC9d,6268951,241,0.4526,1626.0650172927167
0xeb3843CAA198420FbbE5A023541a43bc9E8eC01C,0x497eB27Ca1ed7566653edf811b03d6418a03FC9d,6322705,241,0.1992,715.6697999220264
0xEBB9f6da685d6810652B031fBC2a1591F1D29515,0x9c96d0Cc5341654167ee35DB4F288ae523fe8779,6236030,120,0.142,510.16622283598264
0xef6f41fae4715C80684eA1e25446BE426323BE4E,0x497eB27Ca1ed7566653edf811b03d6418a03FC9d,6284177,241,0.8258,2966.868076182778
0xF196836B53E8f03E32f5186C7909aCbb8B742615,0x9c96d0Cc5341654167ee35DB4F288ae523fe8779,6265280,120,0.2793,1003.4466622400702
0xF1aC29B67D0695546123185776aFffb3be7dc4d1,0x9c96d0Cc5341654167ee35DB4F288ae523fe8779,6276601,120,0.4619,1659.4773121685944
0xF1eF519554D7951A86052F35fE1bd00DEDbCe1A3,0x9c96d0Cc5341654167ee35DB4F288ae523fe8779,6255022,120,0.3,1077.8159637379915
0xF1eF519554D7951A86052F35fE1bd00DEDbCe1A3,0x9c96d0Cc5341654167ee35DB4F288ae523fe8779,6255504,120,0.8168,2934.5335972706384
0xf21d2e3c0AAb407E60088983Beca0570345563D4,0x9c96d0Cc5341654167ee35DB4F288ae523fe8779,6248922,120,0.323,1160.4485209579043
0xf312b9656F8e66811B74CC436F329B75D6f4d548,0x497eB27Ca1ed7566653edf811b03d6418a03FC9d,6276035,241,0.3095,1111.9468025896947
0xF37e6F1e4D5dd99dEb4CE871f3C274d38bd64b08,0x497eB27Ca1ed7566653edf811b03d6418a03FC9d,6245866,241,0.7545,2710.707148801049
0xf562B277358881192B8B6e552Dc78787E50BD45F,0x9c96d0Cc5341654167ee35DB4F288ae523fe8779,6308543,120,0.1177,422.8631297732054
0xf5d1F6aAB275FaD8856b06ad836633AE25537d6e,0x9c96d0Cc5341654167ee35DB4F288ae523fe8779,6248215,120,0.1,359.2719879126639
0xf5d1F6aAB275FaD8856b06ad836633AE25537d6e,0x9c96d0Cc5341654167ee35DB4F288ae523fe8779,6248344,120,0.5,1796.3599395633194
0xF64Ce82aEF4c488DeB8d0646debA2e91D871DC68,0x497eB27Ca1ed7566653edf811b03d6418a03FC9d,6302169,241,0.5501,1976.355205507564
0xF72390c118188D6706BB303606c06457f198BF79,0x497eB27Ca1ed7566653edf811b03d6418a03FC9d,6329017,241,0.6878,2471.072732863302
0xF72390c118188D6706BB303606c06457f198BF79,0x497eB27Ca1ed7566653edf811b03d6418a03FC9d,6330770,241,0.1312,471.36484814141505
0xF7F0D020644587f68331b46B55a44bAD7787Dfc0,0x497eB27Ca1ed7566653edf811b03d6418a03FC9d,6308207,241,0.3929,1411.5796405088565
0xf811030BFFfe17846064a0e407AfFbdC747acc7d,0x497eB27Ca1ed7566653edf811b03d6418a03FC9d,6357489,241,0.521,1871.8070570249788
0xF96Ff59dC13F0ed397293428Cb058CDd2772C344,0x497eB27Ca1ed7566653edf811b03d6418a03FC9d,6292397,241,0.2128,764.5307902781486
0xfaC2472E886367FAB5447602691dE1551560F628,0x497eB27Ca1ed7566653edf811b03d6418a03FC9d,6330841,241,0.2746,986.5608788081751
0xfc2D2CcA7b97658cb35b202715B3b02295BFa4Ab,0x497eB27Ca1ed7566653edf811b03d6418a03FC9d,6310264,241,0.1966,706.3287282362971
0xFCAce87fB6e1dFeEDA16533Cd41ee2852A0f14b2,0x497eB27Ca1ed7566653edf811b03d6418a03FC9d,6321194,241,0.2402,862.9713149662186
0xfD102a750C595d95ACE7bDBeD17E8b444891610d,0x9c96d0Cc5341654167ee35DB4F288ae523fe8779,6238500,120,0.8435,3030.4592180433197
0xFDA5A361f3C67EbfED328F3A9E95BD275734E675,0x9c96d0Cc5341654167ee35DB4F288ae523fe8779,6246293,120,0.4895,1758.6363808324895
0xFDA5A361f3C67EbfED328F3A9E95BD275734E675,0x497eB27Ca1ed7566653edf811b03d6418a03FC9d,6357187,241,0.1375,493.9989833799129
0xfefE6723e9d063Ff1292Df5537280De062147728,0x497eB27Ca1ed7566653edf811b03d6418a03FC9d,6330491,241,0.1031,370.40941953795647